순번,지사,계약종별,접수번호,업무구분,접수자구분,이용 편리성,직원 친절도,전반적 만족,처리 신속도,처리 정확도,업무 개선도,사용 추천도,사회적 책임,종합 점수,서술 의견
1,창원지사,산업용,R7236276,요금문의,한전ON,99.0,83.5,97.8,83.2,85.4,98.6,97.2,,92.1,친절하고 빠른 처리 감사합니다.
2,하동지사,교육용,R5700359,전기고장,고객센터,21.7,28.1,26.4,31.8,21.3,26.8,25.6,,26.0,처리가 너무 늦고 상담원이 업무를 전혀 모르는 것 같습니다.
3,통영지사,주택용,R1942935,계기교체,고객센터,82.1,98.7,94.5,87.0,82.8,87.8,91.6,,89.2,친절하고 빠른 처리 감사합니다.
4,하동지사,주택용,R1115759,계기교체,고객센터,84.5,0.0,73.4,29.6,90.4,98.7,86.6,,66.2,보통입니다. 조금 더 신속했으면 좋겠네요.
5,창원지사,주택용,R9832396,계기교체,한전ON,91.8,95.7,83.3,77.1,15.6,0.0,83.9,,63.9,보통입니다. 조금 더 신속했으면 좋겠네요.
6,거제지사,일반용,R8712723,이사정산,기타,54.0,91.6,92.4,91.3,89.7,53.5,94.8,,81.0,친절하고 빠른 처리 감사합니다.
7,김해지사,농사용,R9718633,요금문의,고객센터,90.1,85.8,22.5,89.8,16.9,55.4,40.3,,57.3,보통입니다. 조금 더 신속했으면 좋겠네요.
8,하동지사,가로등,R1018353,신규신청,직원,65.0,94.2,84.0,85.2,39.0,82.9,53.5,,72.0,보통입니다. 조금 더 신속했으면 좋겠네요.
9,거제지사,주택용,R1593431,이사정산,직원,30.3,39.4,29.7,33.6,32.9,43.3,37.9,,35.3,처리가 너무 늦고 상담원이 업무를 전혀 모르는 것 같습니다.
10,마산지사,주택용,R5945938,요금문의,한전ON,99.2,0.0,0.0,97.9,93.2,92.5,56.8,,62.8,보통입니다. 조금 더 신속했으면 좋겠네요.
11,김해지사,산업용,R7789262,이사정산,기타,85.5,82.0,59.1,87.0,87.9,78.0,70.3,,78.5,보통입니다. 조금 더 신속했으면 좋겠네요.
12,마산지사,교육용,R2641558,요금문의,기타,83.4,84.6,90.6,92.8,90.1,93.9,90.0,,89.3,친절하고 빠른 처리 감사합니다.
13,창원지사,교육용,R2754775,이사정산,기타,92.2,87.7,83.3,22.4,85.7,84.9,30.6,,69.5,보통입니다. 조금 더 신속했으면 좋겠네요.
14,하동지사,일반용,R1636758,기타단순문의,고객센터,90.5,20.1,91.0,32.6,76.1,81.6,93.3,,69.3,보통입니다. 조금 더 신속했으면 좋겠네요.
15,진주지사,산업용,R1019589,요금문의,직원,81.3,67.2,99.5,62.6,0.0,89.5,82.7,,69.0,보통입니다. 조금 더 신속했으면 좋겠네요.
16,진주지사,가로등,R4306283,계기교체,기타,19.2,90.7,97.4,88.9,94.7,97.1,93.2,,83.0,친절하고 빠른 처리 감사합니다.
17,거제지사,주택용,R8820295,기타단순문의,고객센터,75.8,89.9,52.3,11.2,97.7,87.1,99.2,,73.3,보통입니다. 조금 더 신속했으면 좋겠네요.
18,김해지사,주택용,R5043292,전기고장,기타,11.9,97.9,52.9,40.1,92.4,98.6,39.9,,62.0,보통입니다. 조금 더 신속했으면 좋겠네요.
19,마산지사,교육용,R4272413,계기교체,고객센터,88.5,33.1,85.8,83.5,45.0,31.2,94.5,,65.9,보통입니다. 조금 더 신속했으면 좋겠네요.
20,김해지사,일반용,R7542995,명의변경,기타,49.0,41.0,49.6,30.5,47.0,39.6,48.9,,43.7,처리가 너무 늦고 상담원이 업무를 전혀 모르는 것 같습니다.
21,하동지사,교육용,R5678513,계기교체,고객센터,83.2,43.1,89.4,59.5,73.4,89.8,89.6,,75.4,보통입니다. 조금 더 신속했으면 좋겠네요.
22,통영지사,주택용,R2322174,신규신청,고객센터,55.0,88.0,0.0,95.9,94.4,90.3,86.9,,72.9,보통입니다. 조금 더 신속했으면 좋겠네요.
23,창원지사,주택용,R5234570,이사정산,고객센터,59.1,84.4,44.7,0.0,85.2,89.3,99.0,,66.0,보통입니다. 조금 더 신속했으면 좋겠네요.
24,창원지사,가로등,R7695020,계기교체,한전ON,73.3,84.1,15.0,41.7,87.4,99.5,87.3,,69.8,보통입니다. 조금 더 신속했으면 좋겠네요.
25,마산지사,산업용,R6067950,신규신청,한전ON,87.9,84.0,34.2,88.3,36.3,73.0,91.9,,70.8,보통입니다. 조금 더 신속했으면 좋겠네요.
26,창원지사,가로등,R3392482,이사정산,한전ON,86.8,89.7,60.3,83.1,15.8,65.9,96.0,,71.1,보통입니다. 조금 더 신속했으면 좋겠네요.
27,하동지사,교육용,R3671414,신규신청,고객센터,0.0,37.1,73.0,78.7,88.2,89.3,71.2,,62.5,보통입니다. 조금 더 신속했으면 좋겠네요.
28,통영지사,주택용,R8690481,명의변경,직원,87.9,56.2,54.8,77.8,61.8,98.0,0.0,,62.4,보통입니다. 조금 더 신속했으면 좋겠네요.
29,거제지사,일반용,R4462077,요금문의,한전ON,28.9,92.2,89.8,94.8,83.0,88.5,56.9,,76.3,보통입니다. 조금 더 신속했으면 좋겠네요.
30,하동지사,산업용,R6973168,요금문의,고객센터,32.1,23.4,33.1,36.1,37.7,28.9,28.4,,31.4,처리가 너무 늦고 상담원이 업무를 전혀 모르는 것 같습니다.
31,김해지사,교육용,R7554649,신규신청,직원,61.0,85.1,36.0,71.2,40.5,62.9,15.8,,53.2,보통입니다. 조금 더 신속했으면 좋겠네요.
32,고성지사,산업용,R9084727,계기교체,한전ON,84.4,29.2,99.1,15.7,89.5,0.0,91.4,,58.5,보통입니다. 조금 더 신속했으면 좋겠네요.
33,창원지사,주택용,R4303722,요금문의,고객센터,81.1,31.2,64.9,93.3,91.5,75.8,95.6,,76.2,보통입니다. 조금 더 신속했으면 좋겠네요.
34,김해지사,산업용,R7811460,기타단순문의,직원,90.2,95.0,0.0,84.1,26.2,99.8,94.6,,70.0,보통입니다. 조금 더 신속했으면 좋겠네요.
35,고성지사,주택용,R3114798,이사정산,직원,27.1,37.6,31.5,31.4,44.9,25.9,29.1,,32.5,처리가 너무 늦고 상담원이 업무를 전혀 모르는 것 같습니다.
36,통영지사,일반용,R9573472,계기교체,고객센터,87.3,81.9,99.7,86.0,88.5,25.1,91.1,,79.9,보통입니다. 조금 더 신속했으면 좋겠네요.
37,진주지사,가로등,R4281526,이사정산,고객센터,90.4,89.5,46.2,89.6,83.2,52.3,84.7,,76.6,보통입니다. 조금 더 신속했으면 좋겠네요.
38,마산지사,교육용,R2639577,기타단순문의,직원,65.8,86.1,95.4,89.1,75.7,71.8,87.0,,81.6,친절하고 빠른 처리 감사합니다.
39,통영지사,산업용,R3615487,기타단순문의,직원,99.9,60.9,96.9,81.1,40.2,95.6,0.0,,67.8,보통입니다. 조금 더 신속했으면 좋겠네요.
40,고성지사,산업용,R6615964,요금문의,고객센터,28.6,28.7,36.1,20.9,20.9,33.3,43.9,,30.3,처리가 너무 늦고 상담원이 업무를 전혀 모르는 것 같습니다.
41,창원지사,가로등,R2035983,명의변경,고객센터,85.3,84.8,26.6,0.0,98.4,17.8,86.1,,57.0,보통입니다. 조금 더 신속했으면 좋겠네요.
42,마산지사,교육용,R1112984,신규신청,고객센터,98.7,23.0,96.3,94.5,84.8,95.2,91.4,,83.4,친절하고 빠른 처리 감사합니다.
43,거제지사,일반용,R8378392,전기고장,기타,98.1,87.4,83.9,83.4,0.0,91.0,0.0,,63.4,보통입니다. 조금 더 신속했으면 좋겠네요.
44,고성지사,주택용,R7269197,이사정산,직원,38.1,33.9,26.6,43.4,30.0,25.9,36.1,,33.4,처리가 너무 늦고 상담원이 업무를 전혀 모르는 것 같습니다.
45,하동지사,산업용,R4715436,이사정산,기타,92.8,99.7,94.8,56.6,21.3,0.0,90.7,,65.1,보통입니다. 조금 더 신속했으면 좋겠네요.
46,진주지사,가로등,R9454493,신규신청,한전ON,0.0,35.4,94.2,96.7,86.1,95.1,72.4,,68.6,보통입니다. 조금 더 신속했으면 좋겠네요.
47,고성지사,주택용,R9519691,요금문의,고객센터,43.3,89.3,0.0,44.0,83.6,64.3,91.0,,59.4,보통입니다. 조금 더 신속했으면 좋겠네요.
48,진주지사,주택용,R7654224,계기교체,한전ON,86.1,83.8,53.0,81.2,94.5,94.3,57.0,,78.6,보통입니다. 조금 더 신속했으면 좋겠네요.
49,진주지사,농사용,R7564511,신규신청,한전ON,90.2,83.3,84.5,52.9,37.2,16.8,92.7,,65.4,보통입니다. 조금 더 신속했으면 좋겠네요.
50,고성지사,교육용,R3034736,계기교체,기타,10.6,97.5,0.0,93.0,83.6,84.4,86.9,,65.1,보통입니다. 조금 더 신속했으면 좋겠네요.
51,고성지사,농사용,R6588983,이사정산,기타,51.5,65.9,81.0,75.9,92.3,76.8,84.6,,75.4,보통입니다. 조금 더 신속했으면 좋겠네요.
52,진주지사,농사용,R3492035,기타단순문의,한전ON,94.9,96.2,42.9,85.4,95.8,97.0,88.2,,85.8,친절하고 빠른 처리 감사합니다.
53,거제지사,가로등,R7878489,신규신청,직원,0.0,86.0,54.1,0.0,51.8,83.4,95.0,,52.9,보통입니다. 조금 더 신속했으면 좋겠네요.
54,통영지사,농사용,R5342854,기타단순문의,기타,81.8,89.2,23.4,99.1,84.1,84.1,93.2,,79.3,보통입니다. 조금 더 신속했으면 좋겠네요.
55,통영지사,교육용,R1773314,전기고장,기타,97.7,97.1,51.0,0.0,92.5,86.3,70.9,,70.8,보통입니다. 조금 더 신속했으면 좋겠네요.
56,진주지사,일반용,R5962008,기타단순문의,고객센터,19.8,0.0,87.5,58.0,82.7,93.3,0.0,,48.8,처리가 너무 늦고 상담원이 업무를 전혀 모르는 것 같습니다.
57,하동지사,교육용,R5724595,명의변경,고객센터,90.0,99.3,87.4,38.6,0.0,0.0,94.3,,58.5,보통입니다. 조금 더 신속했으면 좋겠네요.
58,하동지사,교육용,R9156101,요금문의,고객센터,57.7,85.3,98.8,95.2,40.5,97.4,92.9,,81.1,친절하고 빠른 처리 감사합니다.
59,거제지사,농사용,R5688311,요금문의,한전ON,97.1,81.6,47.4,90.3,37.0,61.8,58.2,,67.6,보통입니다. 조금 더 신속했으면 좋겠네요.
60,거제지사,농사용,R8934399,계기교체,한전ON,81.3,94.8,22.0,65.9,90.1,85.7,86.4,,75.2,보통입니다. 조금 더 신속했으면 좋겠네요.
61,하동지사,산업용,R5599653,계기교체,고객센터,30.5,27.7,31.5,36.3,39.7,30.7,21.1,,31.1,처리가 너무 늦고 상담원이 업무를 전혀 모르는 것 같습니다.
62,김해지사,교육용,R9867073,계기교체,한전ON,54.4,87.8,69.3,75.8,95.7,81.6,21.4,,69.4,보통입니다. 조금 더 신속했으면 좋겠네요.
63,창원지사,산업용,R9096155,명의변경,한전ON,24.8,94.7,17.4,99.9,84.7,99.7,98.5,,74.2,보통입니다. 조금 더 신속했으면 좋겠네요.
64,고성지사,농사용,R5145879,이사정산,한전ON,35.6,10.0,96.4,83.1,89.0,95.7,95.2,,72.1,보통입니다. 조금 더 신속했으면 좋겠네요.
65,김해지사,가로등,R4006644,전기고장,고객센터,34.0,25.2,26.3,26.3,24.5,22.5,30.1,,27.0,처리가 너무 늦고 상담원이 업무를 전혀 모르는 것 같습니다.
66,창원지사,일반용,R9687544,계기교체,고객센터,69.0,88.5,42.8,87.5,83.2,89.8,90.3,,78.7,보통입니다. 조금 더 신속했으면 좋겠네요.
67,통영지사,일반용,R4830899,요금문의,직원,94.4,33.5,28.3,28.8,91.1,58.5,0.0,,47.8,처리가 너무 늦고 상담원이 업무를 전혀 모르는 것 같습니다.
68,고성지사,일반용,R2555938,이사정산,직원,37.1,34.8,39.8,34.7,38.1,44.4,39.3,,38.3,처리가 너무 늦고 상담원이 업무를 전혀 모르는 것 같습니다.
69,고성지사,농사용,R2289173,이사정산,기타,91.8,90.4,86.3,43.0,86.7,91.6,93.2,,83.3,친절하고 빠른 처리 감사합니다.
70,진주지사,가로등,R9170523,명의변경,기타,39.0,45.9,38.6,42.3,31.3,49.8,42.4,,41.3,처리가 너무 늦고 상담원이 업무를 전혀 모르는 것 같습니다.
71,통영지사,산업용,R1294808,전기고장,직원,35.8,59.0,91.4,91.1,93.2,83.5,52.9,,72.4,보통입니다. 조금 더 신속했으면 좋겠네요.
72,하동지사,가로등,R5300958,명의변경,기타,48.0,47.7,49.4,33.6,39.8,44.0,39.6,,43.2,처리가 너무 늦고 상담원이 업무를 전혀 모르는 것 같습니다.
73,진주지사,일반용,R8920050,전기고장,한전ON,93.9,22.1,77.8,93.3,63.4,15.4,97.7,,66.2,보통입니다. 조금 더 신속했으면 좋겠네요.
74,하동지사,주택용,R8245909,요금문의,한전ON,97.6,81.6,89.4,78.3,87.2,0.0,82.9,,73.9,보통입니다. 조금 더 신속했으면 좋겠네요.
75,거제지사,산업용,R8565739,기타단순문의,한전ON,97.2,96.5,84.3,85.3,81.9,79.2,24.8,,78.5,보통입니다. 조금 더 신속했으면 좋겠네요.
76,진주지사,산업용,R7054410,신규신청,한전ON,97.2,67.8,35.5,84.8,48.9,98.6,57.0,,70.0,보통입니다. 조금 더 신속했으면 좋겠네요.
77,창원지사,농사용,R8562368,계기교체,직원,81.0,28.6,97.9,97.1,42.7,58.1,88.4,,70.5,보통입니다. 조금 더 신속했으면 좋겠네요.
78,마산지사,농사용,R6018149,계기교체,직원,81.6,93.5,71.5,62.5,86.0,98.3,84.9,,82.6,친절하고 빠른 처리 감사합니다.
79,마산지사,농사용,R7589459,계기교체,기타,79.0,86.5,63.8,0.0,87.8,86.4,87.6,,70.2,보통입니다. 조금 더 신속했으면 좋겠네요.
80,창원지사,농사용,R7115383,신규신청,기타,90.6,90.9,61.5,85.7,61.5,98.1,98.1,,83.8,친절하고 빠른 처리 감사합니다.
81,김해지사,일반용,R3868950,기타단순문의,한전ON,81.1,91.4,93.0,99.8,84.6,78.9,58.1,,83.8,친절하고 빠른 처리 감사합니다.
82,마산지사,가로등,R3556308,이사정산,고객센터,93.1,0.0,80.0,39.2,31.5,85.6,61.3,,55.8,보통입니다. 조금 더 신속했으면 좋겠네요.
83,진주지사,일반용,R3413721,요금문의,기타,82.4,84.2,68.3,0.0,26.2,0.0,82.2,,49.0,처리가 너무 늦고 상담원이 업무를 전혀 모르는 것 같습니다.
84,고성지사,일반용,R7830230,이사정산,고객센터,55.3,53.8,40.6,97.7,0.0,85.6,83.9,,59.6,보통입니다. 조금 더 신속했으면 좋겠네요.
85,김해지사,주택용,R9078060,요금문의,직원,81.7,88.1,81.7,88.5,55.6,93.1,96.1,,83.5,친절하고 빠른 처리 감사합니다.
86,진주지사,농사용,R7909335,계기교체,고객센터,70.7,93.3,90.1,86.2,64.3,82.2,37.0,,74.8,보통입니다. 조금 더 신속했으면 좋겠네요.
87,마산지사,일반용,R4397544,전기고장,기타,98.3,88.2,85.9,12.1,85.9,97.6,39.4,,72.5,보통입니다. 조금 더 신속했으면 좋겠네요.
88,고성지사,가로등,R1619492,명의변경,한전ON,84.3,91.0,34.9,96.1,33.0,91.1,83.0,,73.3,보통입니다. 조금 더 신속했으면 좋겠네요.
89,마산지사,농사용,R9831542,기타단순문의,기타,56.5,28.5,51.0,90.5,63.8,97.4,82.1,,67.1,보통입니다. 조금 더 신속했으면 좋겠네요.
90,마산지사,산업용,R6278546,계기교체,고객센터,23.1,26.2,44.3,25.6,38.8,36.4,28.3,,31.8,처리가 너무 늦고 상담원이 업무를 전혀 모르는 것 같습니다.
91,진주지사,가로등,R4640743,이사정산,고객센터,91.5,99.7,36.9,81.8,88.8,82.7,93.4,,82.1,친절하고 빠른 처리 감사합니다.
92,고성지사,교육용,R7324349,명의변경,한전ON,28.8,91.5,26.0,84.0,91.9,99.5,81.7,,71.9,보통입니다. 조금 더 신속했으면 좋겠네요.
93,진주지사,일반용,R6283312,전기고장,한전ON,69.5,87.4,96.0,81.3,98.8,91.3,90.1,,87.8,친절하고 빠른 처리 감사합니다.
94,거제지사,농사용,R7517041,계기교체,기타,82.5,29.4,87.3,81.2,95.6,28.1,94.7,,71.3,보통입니다. 조금 더 신속했으면 좋겠네요.
95,마산지사,가로등,R4371578,명의변경,기타,49.8,48.3,36.0,47.6,40.0,37.6,45.7,,43.6,처리가 너무 늦고 상담원이 업무를 전혀 모르는 것 같습니다.
96,하동지사,산업용,R1246256,기타단순문의,한전ON,99.7,61.9,18.0,93.5,86.8,39.0,83.1,,68.9,보통입니다. 조금 더 신속했으면 좋겠네요.
97,마산지사,산업용,R5297275,신규신청,한전ON,53.7,91.9,51.6,95.1,92.9,84.4,0.0,,67.1,보통입니다. 조금 더 신속했으면 좋겠네요.
98,통영지사,가로등,R8436196,계기교체,고객센터,0.0,97.9,16.0,15.1,96.3,62.3,0.0,,41.1,처리가 너무 늦고 상담원이 업무를 전혀 모르는 것 같습니다.
99,김해지사,산업용,R9404059,이사정산,한전ON,60.1,69.6,0.0,52.5,91.5,99.8,92.4,,66.6,보통입니다. 조금 더 신속했으면 좋겠네요.
100,거제지사,산업용,R8452824,기타단순문의,한전ON,86.0,91.4,0.0,93.4,85.5,89.4,70.7,,73.8,보통입니다. 조금 더 신속했으면 좋겠네요.
101,김해지사,주택용,R9119498,전기고장,직원,92.7,70.8,97.6,88.9,97.6,97.8,82.4,,89.7,친절하고 빠른 처리 감사합니다.
102,통영지사,주택용,R4181008,신규신청,한전ON,87.7,93.9,89.6,81.7,99.7,73.3,87.2,,87.6,친절하고 빠른 처리 감사합니다.
103,진주지사,일반용,R6711228,계기교체,한전ON,0.0,0.0,0.0,68.1,89.0,86.8,95.1,,48.4,처리가 너무 늦고 상담원이 업무를 전혀 모르는 것 같습니다.
104,진주지사,농사용,R2166726,이사정산,고객센터,84.4,93.1,94.0,92.5,89.4,41.8,98.3,,84.8,친절하고 빠른 처리 감사합니다.
105,고성지사,일반용,R8792150,명의변경,한전ON,17.3,59.2,91.9,90.5,45.7,0.0,57.7,,51.8,보통입니다. 조금 더 신속했으면 좋겠네요.
106,하동지사,산업용,R9441165,명의변경,직원,0.0,63.5,85.6,88.8,91.2,91.5,88.1,,72.7,보통입니다. 조금 더 신속했으면 좋겠네요.
107,마산지사,산업용,R9641801,기타단순문의,한전ON,85.9,76.1,89.0,47.0,90.4,30.0,34.2,,64.7,보통입니다. 조금 더 신속했으면 좋겠네요.
108,하동지사,산업용,R9795869,전기고장,기타,82.2,73.7,87.4,89.3,47.5,69.9,88.2,,76.9,보통입니다. 조금 더 신속했으면 좋겠네요.
109,김해지사,농사용,R6756202,기타단순문의,고객센터,86.8,87.8,35.2,20.2,93.2,98.2,13.0,,62.1,보통입니다. 조금 더 신속했으면 좋겠네요.
110,마산지사,주택용,R5534983,신규신청,직원,0.0,94.7,86.8,94.5,81.4,70.5,93.4,,74.5,보통입니다. 조금 더 신속했으면 좋겠네요.
111,하동지사,가로등,R9615569,요금문의,직원,82.6,30.1,84.2,95.5,74.7,85.4,26.5,,68.4,보통입니다. 조금 더 신속했으면 좋겠네요.
112,창원지사,가로등,R9330284,신규신청,직원,90.6,94.6,87.7,72.7,90.0,94.4,95.2,,89.3,친절하고 빠른 처리 감사합니다.
113,진주지사,일반용,R5199009,요금문의,고객센터,94.2,89.5,99.0,89.8,83.3,40.0,52.4,,78.3,보통입니다. 조금 더 신속했으면 좋겠네요.
114,창원지사,주택용,R7132975,요금문의,기타,88.1,97.6,68.5,92.0,20.8,98.4,92.6,,79.7,보통입니다. 조금 더 신속했으면 좋겠네요.
115,고성지사,일반용,R4196761,요금문의,직원,85.8,85.2,0.0,57.3,86.3,97.1,78.1,,70.0,보통입니다. 조금 더 신속했으면 좋겠네요.
116,거제지사,산업용,R1852403,이사정산,고객센터,29.0,43.7,27.1,41.7,33.7,23.5,27.8,,32.4,처리가 너무 늦고 상담원이 업무를 전혀 모르는 것 같습니다.
117,통영지사,농사용,R2872595,기타단순문의,고객센터,85.9,44.7,92.5,91.1,12.7,97.6,92.9,,73.9,보통입니다. 조금 더 신속했으면 좋겠네요.
118,통영지사,교육용,R2727931,신규신청,직원,85.7,89.2,18.3,99.0,91.1,29.1,90.5,,71.8,보통입니다. 조금 더 신속했으면 좋겠네요.
119,통영지사,농사용,R1086296,기타단순문의,한전ON,18.2,72.6,88.1,86.6,29.7,85.8,83.0,,66.3,보통입니다. 조금 더 신속했으면 좋겠네요.
120,김해지사,산업용,R9184828,계기교체,고객센터,32.3,27.6,37.0,26.5,33.2,41.4,25.7,,32.0,처리가 너무 늦고 상담원이 업무를 전혀 모르는 것 같습니다.
121,진주지사,교육용,R4898971,계기교체,한전ON,94.8,98.9,90.4,85.9,94.9,84.7,89.0,,91.2,친절하고 빠른 처리 감사합니다.
122,하동지사,농사용,R1348863,명의변경,고객센터,92.8,81.5,60.8,98.6,61.8,88.6,93.3,,82.5,친절하고 빠른 처리 감사합니다.
123,통영지사,교육용,R6800884,명의변경,직원,79.2,68.8,0.0,95.8,96.3,93.3,94.3,,75.4,보통입니다. 조금 더 신속했으면 좋겠네요.
124,거제지사,산업용,R9206271,계기교체,기타,93.5,85.9,99.7,83.2,86.6,85.3,37.7,,81.7,친절하고 빠른 처리 감사합니다.
125,거제지사,산업용,R9203146,신규신청,직원,14.0,0.0,82.1,10.1,87.8,95.7,87.1,,53.8,보통입니다. 조금 더 신속했으면 좋겠네요.
126,거제지사,가로등,R5230959,요금문의,기타,95.1,98.6,82.5,54.7,88.0,86.0,94.1,,85.6,친절하고 빠른 처리 감사합니다.
127,창원지사,일반용,R7899467,명의변경,고객센터,85.9,81.8,17.4,87.2,93.0,89.8,98.3,,79.1,보통입니다. 조금 더 신속했으면 좋겠네요.
128,고성지사,가로등,R5414091,전기고장,한전ON,83.3,91.7,82.9,30.3,72.1,40.3,99.4,,71.4,보통입니다. 조금 더 신속했으면 좋겠네요.
129,통영지사,농사용,R9712561,명의변경,기타,48.2,46.3,35.7,30.6,40.0,35.2,41.3,,39.6,처리가 너무 늦고 상담원이 업무를 전혀 모르는 것 같습니다.
130,진주지사,산업용,R4163175,신규신청,기타,30.8,59.9,93.5,93.8,91.4,83.0,86.3,,77.0,보통입니다. 조금 더 신속했으면 좋겠네요.
131,진주지사,일반용,R1942517,기타단순문의,기타,98.1,93.6,98.4,90.0,93.1,85.0,46.0,,86.3,친절하고 빠른 처리 감사합니다.
132,김해지사,산업용,R5737316,이사정산,직원,40.9,34.7,27.4,29.5,40.2,27.8,26.9,,32.5,처리가 너무 늦고 상담원이 업무를 전혀 모르는 것 같습니다.
133,마산지사,일반용,R8027575,신규신청,직원,98.6,91.2,66.6,70.1,94.1,0.0,21.0,,63.1,보통입니다. 조금 더 신속했으면 좋겠네요.
134,고성지사,산업용,R6639338,명의변경,고객센터,31.1,26.9,29.8,28.7,41.1,35.4,41.0,,33.4,처리가 너무 늦고 상담원이 업무를 전혀 모르는 것 같습니다.
135,진주지사,주택용,R2131905,계기교체,기타,89.8,89.3,89.7,77.9,66.8,94.2,98.0,,86.5,친절하고 빠른 처리 감사합니다.
136,거제지사,교육용,R2993462,요금문의,기타,94.5,92.5,0.0,86.4,88.7,92.6,85.5,,77.2,보통입니다. 조금 더 신속했으면 좋겠네요.
137,통영지사,교육용,R3387409,전기고장,기타,82.9,95.1,99.2,87.9,88.6,93.6,92.7,,91.4,친절하고 빠른 처리 감사합니다.
138,하동지사,산업용,R2385404,기타단순문의,직원,58.4,92.8,81.4,96.8,94.1,48.2,77.8,,78.5,보통입니다. 조금 더 신속했으면 좋겠네요.
139,고성지사,주택용,R5996211,요금문의,기타,34.3,96.4,23.2,97.6,90.6,92.3,36.9,,67.3,보통입니다. 조금 더 신속했으면 좋겠네요.
140,통영지사,가로등,R2131416,요금문의,고객센터,92.9,56.0,49.4,89.4,87.7,21.5,81.2,,68.3,보통입니다. 조금 더 신속했으면 좋겠네요.
141,거제지사,가로등,R6399719,신규신청,고객센터,86.1,94.0,92.0,25.6,94.1,93.6,99.3,,83.5,친절하고 빠른 처리 감사합니다.
142,창원지사,가로등,R3136518,전기고장,고객센터,26.4,23.0,19.0,28.9,23.2,15.1,32.2,,24.0,처리가 너무 늦고 상담원이 업무를 전혀 모르는 것 같습니다.
143,하동지사,주택용,R5262238,계기교체,고객센터,89.7,61.9,92.0,95.7,90.5,94.2,79.2,,86.2,친절하고 빠른 처리 감사합니다.
144,마산지사,산업용,R2924218,명의변경,직원,81.1,87.0,91.3,89.6,95.3,67.8,96.8,,87.0,친절하고 빠른 처리 감사합니다.
145,고성지사,일반용,R6139236,전기고장,기타,89.4,87.9,89.5,63.8,86.1,49.1,93.0,,79.8,보통입니다. 조금 더 신속했으면 좋겠네요.
146,진주지사,일반용,R9314186,명의변경,기타,42.7,31.3,47.4,33.5,37.7,37.2,31.9,,37.4,처리가 너무 늦고 상담원이 업무를 전혀 모르는 것 같습니다.
147,진주지사,농사용,R9155805,기타단순문의,기타,67.8,93.0,92.8,91.1,97.5,20.5,98.8,,80.2,친절하고 빠른 처리 감사합니다.
148,김해지사,교육용,R1748734,기타단순문의,기타,79.8,22.5,83.6,93.3,85.7,88.5,85.5,,77.0,보통입니다. 조금 더 신속했으면 좋겠네요.
149,거제지사,교육용,R2054992,전기고장,고객센터,17.1,23.5,27.3,23.9,29.4,16.1,28.7,,23.7,처리가 너무 늦고 상담원이 업무를 전혀 모르는 것 같습니다.
150,김해지사,가로등,R6239041,전기고장,직원,25.3,25.1,22.4,86.2,91.5,92.8,81.6,,60.7,보통입니다. 조금 더 신속했으면 좋겠네요.
151,통영지사,산업용,R9422059,계기교체,직원,90.7,40.1,91.7,33.2,84.7,88.0,10.9,,62.8,보통입니다. 조금 더 신속했으면 좋겠네요.
152,김해지사,일반용,R9365886,명의변경,직원,0.0,91.3,99.7,84.6,0.0,93.2,37.5,,58.0,보통입니다. 조금 더 신속했으면 좋겠네요.
153,마산지사,교육용,R5297845,신규신청,고객센터,41.9,0.0,0.0,85.9,63.7,69.7,92.3,,50.5,보통입니다. 조금 더 신속했으면 좋겠네요.
154,고성지사,주택용,R8257014,계기교체,직원,84.6,96.5,87.0,91.9,86.1,41.6,87.2,,82.1,친절하고 빠른 처리 감사합니다.
155,마산지사,가로등,R5425774,명의변경,고객센터,79.7,99.3,83.0,82.5,84.9,81.6,84.0,,85.0,친절하고 빠른 처리 감사합니다.
156,하동지사,주택용,R6381443,명의변경,기타,34.9,36.4,41.5,49.9,45.0,43.7,33.7,,40.7,처리가 너무 늦고 상담원이 업무를 전혀 모르는 것 같습니다.
157,통영지사,가로등,R8013950,명의변경,기타,39.5,46.9,47.7,46.3,42.5,46.4,38.2,,43.9,처리가 너무 늦고 상담원이 업무를 전혀 모르는 것 같습니다.
158,김해지사,가로등,R7009242,이사정산,기타,90.9,82.8,93.9,83.8,0.0,93.8,89.5,,76.4,보통입니다. 조금 더 신속했으면 좋겠네요.
159,창원지사,일반용,R4002222,요금문의,한전ON,90.9,90.2,65.6,70.9,84.8,91.1,32.8,,75.2,보통입니다. 조금 더 신속했으면 좋겠네요.
160,통영지사,일반용,R7917944,전기고장,고객센터,18.7,17.9,29.2,20.9,26.8,31.3,31.8,,25.2,처리가 너무 늦고 상담원이 업무를 전혀 모르는 것 같습니다.
161,진주지사,농사용,R5772966,이사정산,기타,87.1,0.0,83.7,79.3,61.2,47.0,94.5,,64.7,보통입니다. 조금 더 신속했으면 좋겠네요.
162,통영지사,농사용,R6446389,전기고장,기타,57.4,89.6,88.6,94.6,97.1,19.6,87.7,,76.4,보통입니다. 조금 더 신속했으면 좋겠네요.
163,하동지사,교육용,R2498601,계기교체,고객센터,66.7,84.7,82.8,83.0,98.7,82.9,69.3,,81.2,친절하고 빠른 처리 감사합니다.
164,하동지사,산업용,R1277584,기타단순문의,직원,89.8,81.1,92.2,42.8,82.8,81.7,84.2,,79.2,보통입니다. 조금 더 신속했으면 좋겠네요.
165,창원지사,교육용,R8841278,계기교체,직원,61.7,48.5,83.3,60.3,99.6,99.8,97.4,,78.7,보통입니다. 조금 더 신속했으면 좋겠네요.
166,고성지사,가로등,R2468074,명의변경,고객센터,99.5,98.7,98.7,31.5,47.2,36.8,97.0,,72.8,보통입니다. 조금 더 신속했으면 좋겠네요.
167,김해지사,가로등,R7459456,계기교체,고객센터,83.1,95.6,14.9,84.3,83.8,72.2,32.4,,66.6,보통입니다. 조금 더 신속했으면 좋겠네요.
168,하동지사,주택용,R1306920,이사정산,직원,36.5,29.6,29.2,44.2,43.7,37.9,33.9,,36.4,처리가 너무 늦고 상담원이 업무를 전혀 모르는 것 같습니다.
169,통영지사,일반용,R8953541,명의변경,한전ON,92.3,86.4,39.0,83.6,88.4,94.9,86.1,,81.5,친절하고 빠른 처리 감사합니다.
170,거제지사,산업용,R2514267,이사정산,한전ON,29.5,95.9,0.0,97.8,70.2,96.6,82.1,,67.4,보통입니다. 조금 더 신속했으면 좋겠네요.
171,하동지사,산업용,R5500280,신규신청,한전ON,97.2,82.6,83.6,76.5,52.3,57.3,81.2,,75.8,보통입니다. 조금 더 신속했으면 좋겠네요.
172,통영지사,농사용,R4042206,기타단순문의,직원,83.2,90.0,93.2,13.1,20.1,21.4,92.0,,59.0,보통입니다. 조금 더 신속했으면 좋겠네요.
173,고성지사,교육용,R6927309,이사정산,한전ON,52.8,96.3,83.6,91.0,81.3,57.7,81.7,,77.8,보통입니다. 조금 더 신속했으면 좋겠네요.
174,통영지사,가로등,R1673361,계기교체,기타,88.5,81.8,97.6,85.0,97.1,82.6,87.4,,88.6,친절하고 빠른 처리 감사합니다.
175,거제지사,일반용,R5462836,명의변경,한전ON,31.3,67.6,89.5,0.0,89.9,49.1,87.1,,59.2,보통입니다. 조금 더 신속했으면 좋겠네요.
176,진주지사,가로등,R3017386,이사정산,고객센터,36.1,93.2,84.6,90.7,81.9,40.1,97.8,,74.9,보통입니다. 조금 더 신속했으면 좋겠네요.
177,창원지사,일반용,R8520807,이사정산,직원,38.9,36.1,26.0,38.5,34.3,33.8,30.7,,34.0,처리가 너무 늦고 상담원이 업무를 전혀 모르는 것 같습니다.
178,통영지사,가로등,R5865701,신규신청,고객센터,63.5,0.0,94.0,98.9,60.5,0.0,98.4,,59.3,보통입니다. 조금 더 신속했으면 좋겠네요.
179,창원지사,가로등,R8120530,요금문의,한전ON,76.6,98.6,69.6,99.2,92.3,43.2,97.1,,82.4,친절하고 빠른 처리 감사합니다.
180,거제지사,일반용,R8419170,계기교체,고객센터,91.5,12.2,31.9,94.7,85.7,82.1,55.6,,64.8,보통입니다. 조금 더 신속했으면 좋겠네요.
181,김해지사,산업용,R3149572,요금문의,한전ON,93.1,97.5,94.5,86.5,93.5,85.1,40.5,,84.4,친절하고 빠른 처리 감사합니다.
182,고성지사,일반용,R4944444,신규신청,고객센터,99.5,91.6,81.6,77.5,75.0,81.3,84.2,,84.4,친절하고 빠른 처리 감사합니다.
183,고성지사,산업용,R5733249,전기고장,직원,84.3,65.0,98.7,85.1,79.6,82.1,97.9,,84.7,친절하고 빠른 처리 감사합니다.
184,마산지사,교육용,R8045765,신규신청,한전ON,87.1,85.5,79.7,82.0,94.9,67.2,85.8,,83.2,친절하고 빠른 처리 감사합니다.
185,마산지사,일반용,R2128702,요금문의,기타,12.4,93.4,82.8,93.0,88.9,63.5,92.9,,75.3,보통입니다. 조금 더 신속했으면 좋겠네요.
186,고성지사,교육용,R7858169,신규신청,직원,99.5,92.0,99.5,54.4,41.2,48.2,16.2,,64.4,보통입니다. 조금 더 신속했으면 좋겠네요.
187,고성지사,가로등,R7674986,계기교체,기타,82.7,83.6,82.6,83.7,88.7,97.1,92.8,,87.3,친절하고 빠른 처리 감사합니다.
188,창원지사,교육용,R1872483,요금문의,고객센터,90.1,15.0,69.6,85.2,84.6,92.0,77.3,,73.4,보통입니다. 조금 더 신속했으면 좋겠네요.
189,하동지사,가로등,R5515856,요금문의,한전ON,87.2,18.4,84.0,83.6,97.4,89.2,13.6,,67.6,보통입니다. 조금 더 신속했으면 좋겠네요.
190,거제지사,주택용,R2175290,계기교체,고객센터,77.9,86.5,87.1,94.5,99.1,59.4,97.6,,86.0,친절하고 빠른 처리 감사합니다.
191,진주지사,가로등,R3727286,계기교체,직원,90.8,85.2,67.2,90.0,0.0,95.0,96.6,,75.0,보통입니다. 조금 더 신속했으면 좋겠네요.
192,마산지사,일반용,R1832882,계기교체,기타,0.0,88.0,89.0,90.9,92.7,22.3,91.3,,67.7,보통입니다. 조금 더 신속했으면 좋겠네요.
193,고성지사,일반용,R2339431,명의변경,기타,30.0,39.2,49.7,37.6,36.2,41.3,30.5,,37.8,처리가 너무 늦고 상담원이 업무를 전혀 모르는 것 같습니다.
194,거제지사,주택용,R7128077,이사정산,기타,81.7,87.0,83.9,87.8,55.9,27.9,98.6,,74.7,보통입니다. 조금 더 신속했으면 좋겠네요.
195,진주지사,주택용,R2663092,전기고장,고객센터,23.5,29.6,22.5,19.7,16.9,21.9,20.8,,22.1,처리가 너무 늦고 상담원이 업무를 전혀 모르는 것 같습니다.
196,진주지사,산업용,R8441301,명의변경,한전ON,79.6,94.1,88.8,98.4,88.2,92.4,85.5,,89.6,친절하고 빠른 처리 감사합니다.
197,창원지사,주택용,R7030491,명의변경,기타,34.2,46.0,37.0,34.4,46.9,45.2,45.7,,41.3,처리가 너무 늦고 상담원이 업무를 전혀 모르는 것 같습니다.
198,마산지사,산업용,R7970581,이사정산,직원,39.1,36.4,25.8,33.1,31.5,38.6,36.3,,34.4,처리가 너무 늦고 상담원이 업무를 전혀 모르는 것 같습니다.
199,통영지사,가로등,R5143599,이사정산,한전ON,16.9,74.9,89.4,83.2,83.0,86.6,89.2,,74.7,보통입니다. 조금 더 신속했으면 좋겠네요.
200,마산지사,농사용,R3882802,명의변경,한전ON,85.7,82.5,14.6,63.6,91.1,58.0,81.3,,68.1,보통입니다. 조금 더 신속했으면 좋겠네요.
201,고성지사,농사용,R3679836,요금문의,직원,98.7,89.0,27.2,34.9,83.0,65.1,87.7,,69.4,보통입니다. 조금 더 신속했으면 좋겠네요.
202,통영지사,주택용,R8680924,기타단순문의,한전ON,39.5,76.8,86.8,42.4,87.7,63.0,66.6,,66.1,보통입니다. 조금 더 신속했으면 좋겠네요.
203,마산지사,산업용,R2139929,신규신청,고객센터,21.3,41.6,34.4,35.8,28.4,29.7,42.0,,33.3,처리가 너무 늦고 상담원이 업무를 전혀 모르는 것 같습니다.
204,고성지사,농사용,R4193225,요금문의,직원,16.9,82.7,98.8,96.8,97.2,69.4,81.4,,77.6,보통입니다. 조금 더 신속했으면 좋겠네요.
205,하동지사,일반용,R2422585,신규신청,직원,18.4,93.4,83.2,92.5,92.5,82.0,87.1,,78.4,보통입니다. 조금 더 신속했으면 좋겠네요.
206,고성지사,교육용,R6795639,요금문의,직원,97.0,87.6,0.0,98.1,88.9,97.8,23.5,,70.4,보통입니다. 조금 더 신속했으면 좋겠네요.
207,마산지사,주택용,R6907537,명의변경,고객센터,93.9,90.1,99.5,83.3,94.3,99.2,91.8,,93.2,친절하고 빠른 처리 감사합니다.
208,통영지사,가로등,R8682496,계기교체,기타,96.5,84.4,99.5,98.1,66.9,77.6,96.1,,88.4,친절하고 빠른 처리 감사합니다.
209,김해지사,교육용,R4593344,기타단순문의,직원,0.0,99.7,75.0,84.3,96.6,98.5,83.4,,76.8,보통입니다. 조금 더 신속했으면 좋겠네요.
210,마산지사,농사용,R8942247,명의변경,한전ON,14.2,0.0,89.6,85.9,67.4,90.8,87.3,,62.2,보통입니다. 조금 더 신속했으면 좋겠네요.
211,창원지사,일반용,R5799706,명의변경,직원,74.5,85.1,84.7,86.8,75.0,59.9,94.6,,80.1,친절하고 빠른 처리 감사합니다.
212,김해지사,가로등,R2825821,이사정산,고객센터,31.0,92.1,73.7,90.5,81.6,56.4,89.4,,73.5,보통입니다. 조금 더 신속했으면 좋겠네요.
213,진주지사,교육용,R2028747,신규신청,고객센터,89.5,47.9,88.3,83.8,46.4,59.5,92.8,,72.6,보통입니다. 조금 더 신속했으면 좋겠네요.
214,김해지사,일반용,R1670306,이사정산,직원,39.6,43.6,43.0,34.9,36.0,42.2,29.3,,38.4,처리가 너무 늦고 상담원이 업무를 전혀 모르는 것 같습니다.
215,마산지사,산업용,R3208465,전기고장,직원,66.5,92.0,54.2,37.6,77.3,73.8,82.7,,69.2,보통입니다. 조금 더 신속했으면 좋겠네요.
216,마산지사,가로등,R5101638,신규신청,기타,29.5,92.5,96.2,54.1,99.9,83.1,0.0,,65.0,보통입니다. 조금 더 신속했으면 좋겠네요.
217,고성지사,농사용,R9040794,계기교체,고객센터,87.8,84.6,37.2,93.4,90.7,96.7,98.5,,84.1,친절하고 빠른 처리 감사합니다.
218,창원지사,농사용,R8514393,전기고장,고객센터,21.2,30.3,22.6,24.3,28.9,18.0,18.7,,23.4,처리가 너무 늦고 상담원이 업무를 전혀 모르는 것 같습니다.
219,진주지사,교육용,R7555272,계기교체,직원,97.8,21.6,77.5,26.7,0.0,86.9,86.5,,56.7,보통입니다. 조금 더 신속했으면 좋겠네요.
220,창원지사,교육용,R9274050,신규신청,한전ON,84.5,99.5,23.8,85.4,82.5,54.1,78.3,,72.6,보통입니다. 조금 더 신속했으면 좋겠네요.
221,통영지사,산업용,R3724584,전기고장,한전ON,88.5,67.3,86.0,92.0,51.0,79.0,93.3,,79.6,보통입니다. 조금 더 신속했으면 좋겠네요.
222,하동지사,주택용,R4617385,이사정산,한전ON,53.5,98.7,75.1,16.3,93.5,88.2,89.5,,73.5,보통입니다. 조금 더 신속했으면 좋겠네요.
223,진주지사,산업용,R9989962,신규신청,고객센터,43.9,30.2,45.0,25.3,25.7,22.5,21.7,,30.6,처리가 너무 늦고 상담원이 업무를 전혀 모르는 것 같습니다.
224,진주지사,일반용,R9096237,기타단순문의,고객센터,94.3,13.8,93.0,86.3,0.0,45.7,91.8,,60.7,보통입니다. 조금 더 신속했으면 좋겠네요.
225,진주지사,농사용,R5232916,명의변경,기타,48.4,44.0,33.0,35.5,43.8,34.9,45.8,,40.8,처리가 너무 늦고 상담원이 업무를 전혀 모르는 것 같습니다.
226,하동지사,일반용,R8604662,계기교체,고객센터,99.7,98.9,81.1,63.0,87.3,90.3,85.2,,86.5,친절하고 빠른 처리 감사합니다.
227,진주지사,교육용,R8540637,명의변경,기타,45.3,40.9,33.0,37.8,45.3,47.2,37.3,,41.0,처리가 너무 늦고 상담원이 업무를 전혀 모르는 것 같습니다.
228,김해지사,가로등,R4475960,이사정산,직원,35.6,34.3,26.6,43.3,36.3,37.0,45.0,,36.9,처리가 너무 늦고 상담원이 업무를 전혀 모르는 것 같습니다.
229,통영지사,일반용,R4872696,명의변경,기타,38.1,30.7,35.7,30.7,44.1,47.8,37.7,,37.8,처리가 너무 늦고 상담원이 업무를 전혀 모르는 것 같습니다.
230,마산지사,주택용,R5416084,기타단순문의,기타,41.9,99.6,88.9,13.2,97.6,92.8,98.6,,76.1,보통입니다. 조금 더 신속했으면 좋겠네요.
231,창원지사,주택용,R1484136,요금문의,직원,95.8,76.8,82.9,93.4,15.4,61.1,84.3,,72.8,보통입니다. 조금 더 신속했으면 좋겠네요.
232,창원지사,가로등,R6371461,요금문의,한전ON,93.9,96.3,99.2,85.7,86.4,84.1,95.8,,91.6,친절하고 빠른 처리 감사합니다.
233,통영지사,교육용,R4243367,이사정산,고객센터,98.8,99.7,86.1,86.4,89.0,82.4,89.1,,90.2,친절하고 빠른 처리 감사합니다.
234,김해지사,농사용,R7023745,이사정산,직원,37.2,37.0,30.2,27.4,44.1,41.3,40.6,,36.8,처리가 너무 늦고 상담원이 업무를 전혀 모르는 것 같습니다.
235,창원지사,주택용,R6765785,기타단순문의,기타,95.7,99.3,97.8,83.0,92.5,61.4,96.5,,89.5,친절하고 빠른 처리 감사합니다.
236,통영지사,교육용,R9645815,기타단순문의,직원,61.6,85.9,81.1,86.5,82.0,91.7,59.9,,78.4,보통입니다. 조금 더 신속했으면 좋겠네요.
237,고성지사,주택용,R6847829,신규신청,고객센터,0.0,86.2,91.4,87.7,64.8,84.4,26.8,,63.0,보통입니다. 조금 더 신속했으면 좋겠네요.
238,고성지사,일반용,R1951781,계기교체,한전ON,30.2,85.5,13.1,93.8,0.0,85.8,92.8,,57.3,보통입니다. 조금 더 신속했으면 좋겠네요.
239,거제지사,산업용,R2504367,신규신청,고객센터,28.4,33.1,27.4,43.2,31.1,33.6,30.6,,32.5,처리가 너무 늦고 상담원이 업무를 전혀 모르는 것 같습니다.
240,하동지사,산업용,R9446084,전기고장,기타,93.5,0.0,89.2,23.0,27.5,37.7,0.0,,38.7,처리가 너무 늦고 상담원이 업무를 전혀 모르는 것 같습니다.
241,마산지사,산업용,R4923092,요금문의,한전ON,91.0,65.6,78.3,90.8,92.3,0.0,88.5,,72.4,보통입니다. 조금 더 신속했으면 좋겠네요.
242,거제지사,가로등,R9710540,명의변경,고객센터,96.3,19.4,17.0,87.3,96.3,37.9,94.6,,64.1,보통입니다. 조금 더 신속했으면 좋겠네요.
243,마산지사,주택용,R1152266,신규신청,기타,71.7,76.4,43.1,28.7,92.7,89.8,82.3,,69.2,보통입니다. 조금 더 신속했으면 좋겠네요.
244,통영지사,산업용,R1870430,이사정산,직원,31.6,32.5,37.1,40.8,39.0,37.9,33.6,,36.1,처리가 너무 늦고 상담원이 업무를 전혀 모르는 것 같습니다.
245,통영지사,가로등,R9544978,명의변경,고객센터,88.7,97.3,97.8,41.9,86.8,89.2,36.0,,76.8,보통입니다. 조금 더 신속했으면 좋겠네요.
246,김해지사,가로등,R2747368,계기교체,한전ON,94.2,92.3,76.9,99.4,91.9,84.7,81.6,,88.7,친절하고 빠른 처리 감사합니다.
247,김해지사,교육용,R5658843,기타단순문의,직원,81.6,82.8,0.0,97.5,75.7,95.6,14.4,,63.9,보통입니다. 조금 더 신속했으면 좋겠네요.
248,고성지사,주택용,R5021519,이사정산,고객센터,86.1,71.1,93.6,85.4,82.0,73.3,97.7,,84.2,친절하고 빠른 처리 감사합니다.
249,고성지사,주택용,R9408844,이사정산,고객센터,77.5,97.3,54.8,95.5,96.6,0.0,85.9,,72.5,보통입니다. 조금 더 신속했으면 좋겠네요.
250,진주지사,산업용,R3094673,기타단순문의,고객센터,33.4,32.2,27.4,27.0,25.7,35.7,38.0,,31.3,처리가 너무 늦고 상담원이 업무를 전혀 모르는 것 같습니다.
251,김해지사,교육용,R3435718,명의변경,기타,39.0,30.8,45.9,36.4,34.8,30.3,30.5,,35.4,처리가 너무 늦고 상담원이 업무를 전혀 모르는 것 같습니다.
252,통영지사,일반용,R7872089,요금문의,기타,97.4,84.0,82.7,92.5,75.5,94.6,83.8,,87.2,친절하고 빠른 처리 감사합니다.
253,거제지사,일반용,R4428557,명의변경,직원,91.1,66.7,84.4,91.0,90.8,36.8,83.2,,77.7,보통입니다. 조금 더 신속했으면 좋겠네요.
254,진주지사,교육용,R9961527,기타단순문의,직원,44.4,70.8,82.9,18.4,91.2,93.6,98.7,,71.4,보통입니다. 조금 더 신속했으면 좋겠네요.
255,김해지사,일반용,R6098698,명의변경,직원,89.0,25.9,83.2,95.8,67.6,0.0,93.0,,64.9,보통입니다. 조금 더 신속했으면 좋겠네요.
256,진주지사,농사용,R3388287,신규신청,직원,44.4,90.6,90.4,90.4,96.7,91.5,75.5,,82.8,친절하고 빠른 처리 감사합니다.
257,거제지사,주택용,R1102835,신규신청,고객센터,51.8,19.3,85.8,90.7,33.9,45.4,12.9,,48.5,처리가 너무 늦고 상담원이 업무를 전혀 모르는 것 같습니다.
258,김해지사,산업용,R3834603,요금문의,고객센터,38.3,42.6,23.2,31.4,44.4,30.5,35.4,,35.1,처리가 너무 늦고 상담원이 업무를 전혀 모르는 것 같습니다.
259,김해지사,산업용,R8121069,전기고장,고객센터,25.5,17.3,32.9,30.5,21.1,29.2,30.6,,26.7,처리가 너무 늦고 상담원이 업무를 전혀 모르는 것 같습니다.
260,진주지사,일반용,R9971488,요금문의,직원,12.5,16.6,13.1,88.7,0.0,93.2,73.3,,42.5,처리가 너무 늦고 상담원이 업무를 전혀 모르는 것 같습니다.
261,통영지사,주택용,R6427450,기타단순문의,직원,97.0,94.4,86.8,44.2,93.6,90.3,82.5,,84.1,친절하고 빠른 처리 감사합니다.
262,하동지사,가로등,R3094163,요금문의,고객센터,28.7,94.7,83.5,77.2,77.9,19.1,70.3,,64.5,보통입니다. 조금 더 신속했으면 좋겠네요.
263,거제지사,주택용,R5922628,기타단순문의,한전ON,36.7,94.9,53.6,17.2,75.7,63.3,19.8,,51.6,보통입니다. 조금 더 신속했으면 좋겠네요.
264,창원지사,농사용,R1188036,신규신청,한전ON,84.4,45.1,81.7,81.9,81.5,94.0,24.3,,70.4,보통입니다. 조금 더 신속했으면 좋겠네요.
265,창원지사,교육용,R9453177,이사정산,한전ON,95.8,98.1,49.4,83.9,82.7,85.2,90.1,,83.6,친절하고 빠른 처리 감사합니다.
266,거제지사,농사용,R6096527,신규신청,고객센터,0.0,64.5,33.3,62.2,84.6,56.6,0.0,,43.0,처리가 너무 늦고 상담원이 업무를 전혀 모르는 것 같습니다.
267,마산지사,주택용,R6505680,요금문의,직원,91.2,84.9,54.8,99.5,83.7,84.8,89.7,,84.1,친절하고 빠른 처리 감사합니다.
268,고성지사,교육용,R1009400,이사정산,기타,87.8,91.1,36.1,91.5,64.2,0.0,88.0,,65.5,보통입니다. 조금 더 신속했으면 좋겠네요.
269,하동지사,가로등,R1043112,전기고장,고객센터,26.4,24.7,32.0,32.5,22.4,21.0,31.2,,27.2,처리가 너무 늦고 상담원이 업무를 전혀 모르는 것 같습니다.
270,거제지사,일반용,R6780920,기타단순문의,기타,94.1,90.3,49.4,60.1,89.6,45.5,27.3,,65.2,보통입니다. 조금 더 신속했으면 좋겠네요.
271,창원지사,산업용,R2144773,요금문의,고객센터,26.8,39.5,26.0,33.2,37.3,27.2,44.4,,33.5,처리가 너무 늦고 상담원이 업무를 전혀 모르는 것 같습니다.
272,거제지사,주택용,R7873238,신규신청,직원,85.3,84.6,71.1,88.8,96.4,18.9,92.7,,76.8,보통입니다. 조금 더 신속했으면 좋겠네요.
273,창원지사,가로등,R6251337,요금문의,한전ON,37.8,63.6,98.2,81.6,86.2,67.4,82.3,,73.9,보통입니다. 조금 더 신속했으면 좋겠네요.
274,통영지사,교육용,R6141102,기타단순문의,고객센터,88.2,67.1,81.8,66.0,34.1,30.7,56.8,,60.7,보통입니다. 조금 더 신속했으면 좋겠네요.
275,통영지사,산업용,R7307072,명의변경,고객센터,20.2,43.6,21.7,44.9,42.1,26.6,22.6,,31.7,처리가 너무 늦고 상담원이 업무를 전혀 모르는 것 같습니다.
276,진주지사,교육용,R2197392,이사정산,한전ON,83.6,90.1,85.2,52.6,0.0,95.3,81.5,,69.8,보통입니다. 조금 더 신속했으면 좋겠네요.
277,진주지사,농사용,R8771590,신규신청,고객센터,82.7,86.3,94.4,95.2,84.2,99.0,99.7,,91.6,친절하고 빠른 처리 감사합니다.
278,통영지사,교육용,R3742386,이사정산,기타,91.4,29.0,90.1,45.2,30.6,13.9,68.3,,52.6,보통입니다. 조금 더 신속했으면 좋겠네요.
279,창원지사,가로등,R9782431,이사정산,고객센터,94.0,47.4,81.5,53.9,88.6,98.9,67.9,,76.0,보통입니다. 조금 더 신속했으면 좋겠네요.
280,통영지사,산업용,R4187658,계기교체,고객센터,29.9,35.7,27.0,31.5,43.1,27.2,37.3,,33.1,처리가 너무 늦고 상담원이 업무를 전혀 모르는 것 같습니다.
281,창원지사,산업용,R2963310,이사정산,한전ON,0.0,84.8,97.9,56.0,13.3,44.8,99.4,,56.6,보통입니다. 조금 더 신속했으면 좋겠네요.
282,고성지사,가로등,R8844530,계기교체,직원,61.3,81.8,48.1,81.3,98.4,93.6,85.3,,78.5,보통입니다. 조금 더 신속했으면 좋겠네요.
283,거제지사,주택용,R1885609,명의변경,직원,76.1,84.5,84.3,85.8,21.3,81.5,65.4,,71.3,보통입니다. 조금 더 신속했으면 좋겠네요.
284,거제지사,산업용,R4008155,기타단순문의,한전ON,90.4,96.1,94.3,88.8,40.0,0.0,52.8,,66.1,보통입니다. 조금 더 신속했으면 좋겠네요.
285,거제지사,교육용,R3644834,신규신청,고객센터,91.6,90.8,83.8,98.2,92.4,21.2,16.6,,70.7,보통입니다. 조금 더 신속했으면 좋겠네요.
286,통영지사,농사용,R3800997,기타단순문의,직원,81.4,88.8,62.4,56.2,97.1,0.0,81.2,,66.7,보통입니다. 조금 더 신속했으면 좋겠네요.
287,진주지사,교육용,R9616998,신규신청,한전ON,15.2,92.0,96.9,98.7,99.9,10.4,94.0,,72.4,보통입니다. 조금 더 신속했으면 좋겠네요.
288,창원지사,교육용,R9310038,전기고장,기타,56.4,96.8,29.0,92.8,0.0,96.3,81.7,,64.7,보통입니다. 조금 더 신속했으면 좋겠네요.
289,진주지사,주택용,R8111238,기타단순문의,한전ON,75.6,91.8,58.3,51.3,98.6,41.2,42.5,,65.6,보통입니다. 조금 더 신속했으면 좋겠네요.
290,고성지사,산업용,R3166930,계기교체,고객센터,33.6,34.5,36.8,27.5,42.8,22.8,29.6,,32.5,처리가 너무 늦고 상담원이 업무를 전혀 모르는 것 같습니다.
291,진주지사,교육용,R1269243,신규신청,직원,84.4,84.1,88.1,86.3,70.5,68.0,36.8,,74.0,보통입니다. 조금 더 신속했으면 좋겠네요.
292,김해지사,농사용,R4554914,계기교체,고객센터,47.0,89.4,85.5,81.8,90.5,85.5,30.3,,72.9,보통입니다. 조금 더 신속했으면 좋겠네요.
293,창원지사,농사용,R2097980,이사정산,기타,63.9,24.8,81.6,97.2,86.6,88.3,89.6,,76.0,보통입니다. 조금 더 신속했으면 좋겠네요.
294,김해지사,일반용,R1726582,명의변경,기타,32.4,41.0,44.1,46.9,42.5,31.3,48.6,,41.0,처리가 너무 늦고 상담원이 업무를 전혀 모르는 것 같습니다.
295,거제지사,주택용,R9822950,신규신청,고객센터,89.3,90.4,77.0,62.8,81.0,89.1,90.7,,82.9,친절하고 빠른 처리 감사합니다.
296,거제지사,가로등,R8891264,신규신청,고객센터,88.0,54.0,39.1,99.2,82.0,10.6,94.7,,66.8,보통입니다. 조금 더 신속했으면 좋겠네요.
297,고성지사,산업용,R4190215,계기교체,기타,66.5,95.2,93.6,83.1,83.5,46.4,60.7,,75.6,보통입니다. 조금 더 신속했으면 좋겠네요.
298,거제지사,교육용,R6820780,이사정산,한전ON,82.3,88.5,97.4,23.1,81.9,82.3,93.7,,78.5,보통입니다. 조금 더 신속했으면 좋겠네요.
299,거제지사,산업용,R1647274,요금문의,고객센터,26.2,43.1,21.0,21.4,31.4,42.7,44.0,,32.8,처리가 너무 늦고 상담원이 업무를 전혀 모르는 것 같습니다.
300,통영지사,교육용,R6682451,이사정산,직원,41.3,42.4,38.8,41.9,36.1,34.4,33.7,,38.4,처리가 너무 늦고 상담원이 업무를 전혀 모르는 것 같습니다.
301,거제지사,주택용,R3741110,전기고장,한전ON,87.1,95.2,91.0,91.8,83.1,0.0,84.7,,76.1,보통입니다. 조금 더 신속했으면 좋겠네요.
302,마산지사,주택용,R9909069,전기고장,한전ON,96.7,90.9,98.0,84.7,91.1,90.8,95.4,,92.5,친절하고 빠른 처리 감사합니다.
303,거제지사,가로등,R6120209,이사정산,직원,35.0,30.0,25.9,44.5,29.4,32.9,25.3,,31.9,처리가 너무 늦고 상담원이 업무를 전혀 모르는 것 같습니다.
304,김해지사,산업용,R4110487,기타단순문의,고객센터,21.3,31.9,26.0,40.2,27.6,21.5,21.9,,27.2,처리가 너무 늦고 상담원이 업무를 전혀 모르는 것 같습니다.
305,창원지사,주택용,R6637340,이사정산,기타,84.3,38.2,81.5,94.1,86.2,66.0,87.6,,76.8,보통입니다. 조금 더 신속했으면 좋겠네요.
306,창원지사,일반용,R7093421,전기고장,직원,83.8,94.4,45.0,98.7,32.1,96.2,93.9,,77.7,보통입니다. 조금 더 신속했으면 좋겠네요.
307,김해지사,교육용,R7907516,기타단순문의,한전ON,99.5,94.0,83.6,81.8,98.7,89.6,84.1,,90.2,친절하고 빠른 처리 감사합니다.
308,마산지사,산업용,R5052125,요금문의,고객센터,29.8,30.8,27.6,38.8,36.3,29.4,22.8,,30.8,처리가 너무 늦고 상담원이 업무를 전혀 모르는 것 같습니다.
309,진주지사,산업용,R5801611,계기교체,한전ON,91.1,81.3,66.8,99.9,90.7,76.4,85.3,,84.5,친절하고 빠른 처리 감사합니다.
310,진주지사,가로등,R5333012,신규신청,기타,94.1,46.3,90.6,47.1,93.8,83.0,90.3,,77.9,보통입니다. 조금 더 신속했으면 좋겠네요.
311,고성지사,일반용,R6946258,이사정산,기타,91.4,52.0,84.4,93.2,97.7,93.4,31.5,,77.7,보통입니다. 조금 더 신속했으면 좋겠네요.
312,통영지사,일반용,R1041279,신규신청,고객센터,12.9,96.4,85.4,96.4,25.0,98.7,86.0,,71.5,보통입니다. 조금 더 신속했으면 좋겠네요.
313,고성지사,산업용,R3219430,요금문의,기타,83.7,89.1,98.4,96.7,87.4,92.7,99.5,,92.5,친절하고 빠른 처리 감사합니다.
314,거제지사,주택용,R3678035,신규신청,기타,55.6,86.0,67.0,68.4,82.9,92.8,83.8,,76.6,보통입니다. 조금 더 신속했으면 좋겠네요.
315,통영지사,일반용,R6540688,요금문의,직원,0.0,98.9,81.1,93.2,0.0,66.9,97.3,,62.5,보통입니다. 조금 더 신속했으면 좋겠네요.
316,하동지사,농사용,R9993717,신규신청,한전ON,90.2,83.4,90.9,84.1,82.1,98.0,94.4,,89.0,친절하고 빠른 처리 감사합니다.
317,고성지사,주택용,R7196546,기타단순문의,한전ON,99.9,89.2,87.2,87.3,98.4,45.0,81.5,,84.1,친절하고 빠른 처리 감사합니다.
318,마산지사,산업용,R4968991,명의변경,고객센터,27.1,24.6,32.2,36.1,33.2,34.0,26.0,,30.5,처리가 너무 늦고 상담원이 업무를 전혀 모르는 것 같습니다.
319,김해지사,산업용,R4278965,신규신청,직원,0.0,94.4,54.1,85.1,93.7,71.7,96.1,,70.7,보통입니다. 조금 더 신속했으면 좋겠네요.
320,김해지사,교육용,R8549005,전기고장,한전ON,71.7,70.7,92.6,95.0,89.4,0.0,0.0,,59.9,보통입니다. 조금 더 신속했으면 좋겠네요.
321,창원지사,일반용,R9417784,이사정산,기타,86.7,81.3,14.1,95.3,82.1,86.1,28.7,,67.8,보통입니다. 조금 더 신속했으면 좋겠네요.
322,김해지사,농사용,R7143812,전기고장,한전ON,95.1,77.0,46.7,94.4,96.1,0.0,97.4,,72.4,보통입니다. 조금 더 신속했으면 좋겠네요.
323,김해지사,가로등,R9477769,계기교체,직원,89.3,95.1,91.8,56.0,83.8,85.6,93.4,,85.0,친절하고 빠른 처리 감사합니다.
324,거제지사,교육용,R5243048,기타단순문의,기타,98.0,71.5,85.9,84.5,38.2,84.2,96.3,,79.8,보통입니다. 조금 더 신속했으면 좋겠네요.
325,하동지사,교육용,R3418189,요금문의,고객센터,84.3,89.9,92.8,87.1,84.4,45.4,44.2,,75.4,보통입니다. 조금 더 신속했으면 좋겠네요.
326,마산지사,산업용,R9460939,명의변경,직원,84.7,84.8,68.7,83.9,0.0,91.5,83.1,,71.0,보통입니다. 조금 더 신속했으면 좋겠네요.
327,창원지사,농사용,R9183316,이사정산,기타,68.1,44.7,91.5,33.4,87.7,93.3,71.8,,70.1,보통입니다. 조금 더 신속했으면 좋겠네요.
328,통영지사,가로등,R3447493,신규신청,고객센터,87.7,86.3,84.4,82.2,72.0,91.1,85.2,,84.1,친절하고 빠른 처리 감사합니다.
329,고성지사,주택용,R5210949,신규신청,직원,41.8,66.0,97.8,86.9,89.2,11.3,87.8,,68.7,보통입니다. 조금 더 신속했으면 좋겠네요.
330,고성지사,일반용,R4495336,기타단순문의,한전ON,82.4,39.3,63.5,76.4,94.4,82.0,97.9,,76.6,보통입니다. 조금 더 신속했으면 좋겠네요.
331,고성지사,주택용,R1299130,전기고장,한전ON,97.8,85.5,92.5,71.7,90.6,81.7,81.5,,85.9,친절하고 빠른 처리 감사합니다.
332,통영지사,가로등,R8373658,요금문의,직원,95.3,98.9,83.9,96.6,92.6,96.0,58.5,,88.8,친절하고 빠른 처리 감사합니다.
333,마산지사,가로등,R5257962,명의변경,기타,48.3,31.2,97.9,90.3,82.9,87.8,66.5,,72.1,보통입니다. 조금 더 신속했으면 좋겠네요.
334,김해지사,가로등,R5323373,요금문의,한전ON,92.3,0.0,21.1,85.4,0.0,84.3,90.7,,53.4,보통입니다. 조금 더 신속했으면 좋겠네요.
335,고성지사,농사용,R9724522,신규신청,한전ON,76.2,81.9,96.9,86.8,87.5,57.2,18.9,,72.2,보통입니다. 조금 더 신속했으면 좋겠네요.
336,김해지사,주택용,R4614537,이사정산,기타,15.0,99.4,88.6,16.8,27.5,85.9,82.8,,59.4,보통입니다. 조금 더 신속했으면 좋겠네요.
337,거제지사,교육용,R2394729,이사정산,한전ON,95.3,72.4,43.8,84.7,86.9,85.2,89.4,,79.7,보통입니다. 조금 더 신속했으면 좋겠네요.
338,하동지사,산업용,R1506904,요금문의,고객센터,41.3,36.8,27.1,44.7,21.5,30.9,34.8,,33.9,처리가 너무 늦고 상담원이 업무를 전혀 모르는 것 같습니다.
339,통영지사,산업용,R6002964,요금문의,고객센터,34.8,39.6,34.0,33.9,41.8,34.0,23.6,,34.5,처리가 너무 늦고 상담원이 업무를 전혀 모르는 것 같습니다.
340,거제지사,산업용,R1993945,신규신청,한전ON,84.5,94.8,25.4,87.3,87.6,37.2,31.2,,64.0,보통입니다. 조금 더 신속했으면 좋겠네요.
341,통영지사,주택용,R4245551,기타단순문의,직원,84.6,85.5,95.7,86.7,87.9,87.7,83.4,,87.4,친절하고 빠른 처리 감사합니다.
342,고성지사,산업용,R4148725,명의변경,한전ON,0.0,82.9,98.3,88.8,85.5,73.2,89.0,,74.0,보통입니다. 조금 더 신속했으면 좋겠네요.
343,통영지사,교육용,R8205755,계기교체,한전ON,84.4,89.6,82.0,95.2,85.7,37.6,96.9,,81.6,친절하고 빠른 처리 감사합니다.
344,마산지사,산업용,R3895079,신규신청,고객센터,28.4,39.3,20.7,24.5,22.8,32.6,25.5,,27.7,처리가 너무 늦고 상담원이 업무를 전혀 모르는 것 같습니다.
345,마산지사,일반용,R7197979,명의변경,직원,0.0,97.9,97.2,91.8,89.5,96.1,89.9,,80.3,친절하고 빠른 처리 감사합니다.
346,진주지사,가로등,R3608491,요금문의,기타,99.9,84.7,54.6,98.2,16.4,16.2,85.8,,65.1,보통입니다. 조금 더 신속했으면 좋겠네요.
347,통영지사,교육용,R7892946,전기고장,직원,98.9,95.7,69.7,96.3,83.7,83.6,45.6,,81.9,친절하고 빠른 처리 감사합니다.
348,김해지사,교육용,R4524303,기타단순문의,한전ON,62.3,86.1,98.9,82.7,91.2,54.5,21.3,,71.0,보통입니다. 조금 더 신속했으면 좋겠네요.
349,마산지사,교육용,R8079171,기타단순문의,고객센터,69.1,85.4,97.1,88.4,81.5,74.6,33.5,,75.7,보통입니다. 조금 더 신속했으면 좋겠네요.
350,진주지사,산업용,R2164975,기타단순문의,한전ON,0.0,55.9,93.3,95.5,87.4,64.3,87.8,,69.2,보통입니다. 조금 더 신속했으면 좋겠네요.
351,통영지사,일반용,R3903819,명의변경,한전ON,98.6,96.3,97.7,67.7,62.0,90.4,14.9,,75.4,보통입니다. 조금 더 신속했으면 좋겠네요.
352,김해지사,주택용,R1273654,계기교체,고객센터,91.4,29.7,82.6,25.5,85.0,18.7,98.4,,61.6,보통입니다. 조금 더 신속했으면 좋겠네요.
353,고성지사,일반용,R6024605,이사정산,한전ON,12.9,97.4,97.9,83.9,82.9,95.3,86.9,,79.6,보통입니다. 조금 더 신속했으면 좋겠네요.
354,고성지사,농사용,R8831037,전기고장,기타,40.2,91.7,97.4,79.2,88.3,83.1,81.8,,80.2,친절하고 빠른 처리 감사합니다.
355,거제지사,산업용,R4057926,계기교체,기타,0.0,99.0,94.5,85.6,84.2,93.5,65.5,,74.6,보통입니다. 조금 더 신속했으면 좋겠네요.
356,거제지사,산업용,R7303067,전기고장,한전ON,88.3,99.9,52.5,82.4,98.2,61.2,51.4,,76.3,보통입니다. 조금 더 신속했으면 좋겠네요.
357,진주지사,주택용,R1605840,신규신청,직원,89.1,51.5,29.9,21.2,12.4,0.0,91.3,,42.2,처리가 너무 늦고 상담원이 업무를 전혀 모르는 것 같습니다.
358,하동지사,교육용,R7277612,신규신청,한전ON,88.6,59.0,65.0,72.9,93.8,84.4,87.1,,78.7,보통입니다. 조금 더 신속했으면 좋겠네요.
359,통영지사,산업용,R7631475,기타단순문의,한전ON,76.7,96.0,49.0,85.6,91.4,90.1,83.8,,81.8,친절하고 빠른 처리 감사합니다.
360,김해지사,일반용,R7929539,신규신청,기타,82.0,27.8,87.1,66.2,96.3,0.0,90.1,,64.2,보통입니다. 조금 더 신속했으면 좋겠네요.
361,통영지사,산업용,R2676452,기타단순문의,한전ON,84.1,54.7,13.7,12.6,0.0,41.2,94.1,,42.9,처리가 너무 늦고 상담원이 업무를 전혀 모르는 것 같습니다.
362,김해지사,농사용,R1034104,요금문의,한전ON,17.9,95.2,86.0,84.3,81.5,88.4,65.7,,74.1,보통입니다. 조금 더 신속했으면 좋겠네요.
363,김해지사,가로등,R7679160,명의변경,한전ON,82.8,82.4,86.1,90.0,90.4,84.4,62.7,,82.7,친절하고 빠른 처리 감사합니다.
364,하동지사,교육용,R5168884,요금문의,기타,94.5,81.5,13.8,82.3,19.3,83.9,0.0,,53.6,보통입니다. 조금 더 신속했으면 좋겠네요.
365,진주지사,산업용,R6316487,명의변경,한전ON,96.5,97.4,81.7,91.2,12.8,95.9,83.5,,79.9,보통입니다. 조금 더 신속했으면 좋겠네요.
366,거제지사,일반용,R6358981,명의변경,한전ON,85.4,49.5,90.0,81.3,56.0,58.9,18.5,,62.8,보통입니다. 조금 더 신속했으면 좋겠네요.
367,창원지사,주택용,R1177292,계기교체,한전ON,82.2,0.0,88.8,21.5,25.8,89.3,72.8,,54.3,보통입니다. 조금 더 신속했으면 좋겠네요.
368,하동지사,일반용,R9711299,전기고장,직원,98.9,88.8,98.9,60.8,83.4,95.9,0.0,,75.2,보통입니다. 조금 더 신속했으면 좋겠네요.
369,거제지사,일반용,R9115048,신규신청,고객센터,94.6,93.2,93.8,88.1,97.7,82.0,86.6,,90.9,친절하고 빠른 처리 감사합니다.
370,진주지사,교육용,R1191259,이사정산,기타,67.2,88.4,92.3,54.1,84.2,88.8,76.7,,78.8,보통입니다. 조금 더 신속했으면 좋겠네요.
371,고성지사,산업용,R2463233,명의변경,직원,99.6,92.8,82.6,96.4,97.5,92.6,0.0,,80.2,친절하고 빠른 처리 감사합니다.
372,창원지사,교육용,R2504284,기타단순문의,직원,85.1,26.6,53.8,82.1,93.8,60.1,77.7,,68.5,보통입니다. 조금 더 신속했으면 좋겠네요.
373,하동지사,가로등,R9439978,요금문의,직원,68.4,82.2,35.6,72.8,0.0,34.6,28.5,,46.0,처리가 너무 늦고 상담원이 업무를 전혀 모르는 것 같습니다.
374,창원지사,교육용,R1354093,신규신청,직원,60.9,96.4,99.3,84.0,98.2,49.6,76.1,,80.6,친절하고 빠른 처리 감사합니다.
375,하동지사,산업용,R7401854,기타단순문의,고객센터,21.7,23.4,22.9,36.1,20.9,37.9,43.9,,29.5,처리가 너무 늦고 상담원이 업무를 전혀 모르는 것 같습니다.
376,고성지사,교육용,R1303050,요금문의,기타,47.3,82.8,87.0,99.8,96.4,75.4,94.8,,83.4,친절하고 빠른 처리 감사합니다.
377,하동지사,교육용,R1103968,계기교체,고객센터,31.7,93.2,86.0,94.6,89.7,22.5,0.0,,59.7,보통입니다. 조금 더 신속했으면 좋겠네요.
378,진주지사,가로등,R7449009,전기고장,기타,72.1,97.3,96.4,20.2,90.1,90.7,10.2,,68.1,보통입니다. 조금 더 신속했으면 좋겠네요.
379,하동지사,가로등,R9547282,요금문의,기타,98.9,95.9,85.2,88.5,16.7,17.8,14.6,,59.7,보통입니다. 조금 더 신속했으면 좋겠네요.
380,통영지사,농사용,R8810832,기타단순문의,기타,94.1,95.1,39.6,83.0,14.8,87.2,0.0,,59.1,보통입니다. 조금 더 신속했으면 좋겠네요.
381,마산지사,교육용,R7593966,계기교체,기타,84.3,98.7,95.3,86.0,81.7,91.8,68.7,,86.6,친절하고 빠른 처리 감사합니다.
382,고성지사,농사용,R3830471,전기고장,기타,86.4,95.1,92.1,52.9,91.2,95.6,95.3,,86.9,친절하고 빠른 처리 감사합니다.
383,마산지사,농사용,R4734304,이사정산,한전ON,33.1,13.4,62.0,94.1,81.9,62.1,84.0,,61.5,보통입니다. 조금 더 신속했으면 좋겠네요.
384,김해지사,주택용,R7003819,전기고장,고객센터,26.2,24.7,18.3,18.7,15.6,16.9,20.5,,20.1,처리가 너무 늦고 상담원이 업무를 전혀 모르는 것 같습니다.
385,진주지사,산업용,R4308661,계기교체,기타,62.6,96.2,43.9,89.7,85.1,85.6,73.7,,76.7,보통입니다. 조금 더 신속했으면 좋겠네요.
386,통영지사,일반용,R8393879,신규신청,한전ON,93.8,0.0,27.1,91.4,56.2,81.9,84.6,,62.1,보통입니다. 조금 더 신속했으면 좋겠네요.
387,통영지사,농사용,R2109678,전기고장,직원,49.8,81.6,83.4,90.3,90.5,73.8,85.3,,79.2,보통입니다. 조금 더 신속했으면 좋겠네요.
388,거제지사,가로등,R8080769,이사정산,기타,98.3,86.6,16.1,88.2,96.2,86.3,94.7,,80.9,친절하고 빠른 처리 감사합니다.
389,통영지사,산업용,R5501813,명의변경,직원,85.3,99.0,88.5,0.0,93.7,87.8,97.7,,78.9,보통입니다. 조금 더 신속했으면 좋겠네요.
390,창원지사,교육용,R9729117,전기고장,고객센터,21.7,33.0,17.0,18.5,32.8,28.5,23.9,,25.1,처리가 너무 늦고 상담원이 업무를 전혀 모르는 것 같습니다.
391,창원지사,교육용,R4637125,신규신청,직원,84.7,72.3,86.5,85.2,98.8,84.1,96.9,,86.9,친절하고 빠른 처리 감사합니다.
392,창원지사,일반용,R2982942,계기교체,한전ON,60.1,73.0,93.9,95.3,94.1,81.6,64.9,,80.4,친절하고 빠른 처리 감사합니다.
393,고성지사,농사용,R2754370,명의변경,기타,96.7,18.1,48.1,82.0,89.8,28.3,74.8,,62.5,보통입니다. 조금 더 신속했으면 좋겠네요.
394,김해지사,교육용,R5395054,기타단순문의,직원,0.0,94.8,17.1,0.0,71.6,30.6,0.0,,30.6,처리가 너무 늦고 상담원이 업무를 전혀 모르는 것 같습니다.
395,창원지사,주택용,R2670097,계기교체,직원,25.3,0.0,70.2,94.3,89.8,89.3,99.9,,67.0,보통입니다. 조금 더 신속했으면 좋겠네요.
396,통영지사,농사용,R5434991,명의변경,기타,86.1,94.5,97.7,85.5,93.8,12.5,16.9,,69.6,보통입니다. 조금 더 신속했으면 좋겠네요.
397,거제지사,가로등,R3842982,명의변경,기타,78.1,87.6,23.2,0.0,99.5,95.2,95.3,,68.4,보통입니다. 조금 더 신속했으면 좋겠네요.
398,고성지사,가로등,R3235340,기타단순문의,직원,99.3,0.0,89.5,93.9,90.8,87.9,79.7,,77.3,보통입니다. 조금 더 신속했으면 좋겠네요.
399,창원지사,주택용,R1082860,전기고장,직원,84.1,88.5,23.3,92.8,59.8,89.6,92.4,,75.8,보통입니다. 조금 더 신속했으면 좋겠네요.
400,하동지사,일반용,R3461193,전기고장,직원,83.1,93.6,96.2,86.9,75.1,17.3,97.4,,78.5,보통입니다. 조금 더 신속했으면 좋겠네요.
401,진주지사,산업용,R3394054,기타단순문의,한전ON,97.3,12.9,86.3,84.9,98.5,42.6,92.7,,73.6,보통입니다. 조금 더 신속했으면 좋겠네요.
402,하동지사,주택용,R7766809,신규신청,한전ON,43.3,99.9,85.8,16.7,83.9,0.0,84.5,,59.2,보통입니다. 조금 더 신속했으면 좋겠네요.
403,통영지사,일반용,R4847922,계기교체,직원,81.6,84.0,97.4,19.1,52.8,97.2,92.0,,74.9,보통입니다. 조금 더 신속했으면 좋겠네요.
404,마산지사,농사용,R6068170,기타단순문의,직원,56.5,89.8,81.9,91.6,46.5,21.7,92.7,,68.7,보통입니다. 조금 더 신속했으면 좋겠네요.
405,고성지사,산업용,R4376183,기타단순문의,한전ON,92.3,86.3,93.7,82.2,88.5,27.5,82.3,,79.0,보통입니다. 조금 더 신속했으면 좋겠네요.
406,통영지사,교육용,R8420867,전기고장,기타,98.8,18.1,97.4,55.6,0.0,33.1,97.0,,57.1,보통입니다. 조금 더 신속했으면 좋겠네요.
407,거제지사,가로등,R2840291,전기고장,기타,18.2,91.6,99.5,87.9,100.0,90.6,0.0,,69.7,보통입니다. 조금 더 신속했으면 좋겠네요.
408,진주지사,교육용,R8567222,명의변경,직원,85.6,81.4,0.0,97.4,97.9,98.7,89.3,,78.6,보통입니다. 조금 더 신속했으면 좋겠네요.
409,고성지사,교육용,R2329970,기타단순문의,직원,84.4,0.0,84.0,0.0,98.3,85.1,89.4,,63.0,보통입니다. 조금 더 신속했으면 좋겠네요.
410,하동지사,교육용,R3290269,요금문의,고객센터,88.4,91.0,56.1,70.2,85.9,88.3,58.5,,76.9,보통입니다. 조금 더 신속했으면 좋겠네요.
411,마산지사,가로등,R7633416,이사정산,한전ON,89.9,81.9,85.8,85.8,85.4,98.5,83.2,,87.2,친절하고 빠른 처리 감사합니다.
412,하동지사,주택용,R3993511,신규신청,한전ON,86.7,96.0,54.1,75.8,93.3,30.1,86.3,,74.6,보통입니다. 조금 더 신속했으면 좋겠네요.
413,하동지사,가로등,R5863800,계기교체,직원,0.0,91.0,90.8,94.3,83.0,0.0,20.8,,54.3,보통입니다. 조금 더 신속했으면 좋겠네요.
414,고성지사,산업용,R2879771,명의변경,직원,63.2,97.2,93.7,96.9,97.6,94.1,0.0,,77.5,보통입니다. 조금 더 신속했으면 좋겠네요.
415,통영지사,주택용,R8311047,기타단순문의,한전ON,83.2,97.0,57.0,58.1,96.5,96.6,64.0,,78.9,보통입니다. 조금 더 신속했으면 좋겠네요.
416,하동지사,주택용,R7338673,명의변경,한전ON,45.8,99.4,94.0,83.3,98.1,93.1,75.2,,84.1,친절하고 빠른 처리 감사합니다.
417,진주지사,주택용,R9003814,이사정산,기타,94.8,99.9,83.6,21.0,72.9,61.7,93.2,,75.3,보통입니다. 조금 더 신속했으면 좋겠네요.
418,통영지사,농사용,R8522222,계기교체,고객센터,85.2,54.0,60.0,79.7,84.9,87.0,94.2,,77.9,보통입니다. 조금 더 신속했으면 좋겠네요.
419,고성지사,산업용,R5999920,이사정산,기타,89.8,27.4,23.1,93.6,59.5,98.6,71.7,,66.2,보통입니다. 조금 더 신속했으면 좋겠네요.
420,거제지사,주택용,R8665498,요금문의,한전ON,24.2,85.4,91.3,86.0,28.5,94.6,91.9,,71.7,보통입니다. 조금 더 신속했으면 좋겠네요.
421,창원지사,농사용,R8754576,명의변경,고객센터,74.3,99.0,99.2,96.8,43.3,64.9,52.5,,75.7,보통입니다. 조금 더 신속했으면 좋겠네요.
422,거제지사,주택용,R7122446,계기교체,기타,0.0,91.9,13.6,86.0,95.5,87.9,99.2,,67.7,보통입니다. 조금 더 신속했으면 좋겠네요.
423,김해지사,일반용,R1083880,신규신청,직원,92.1,39.3,85.9,42.6,76.9,95.7,85.9,,74.1,보통입니다. 조금 더 신속했으면 좋겠네요.
424,통영지사,주택용,R4424856,계기교체,직원,95.6,99.7,84.1,84.3,81.8,96.9,91.4,,90.5,친절하고 빠른 처리 감사합니다.
425,마산지사,가로등,R8215868,이사정산,한전ON,84.7,64.5,98.3,38.3,84.1,92.2,83.8,,78.0,보통입니다. 조금 더 신속했으면 좋겠네요.
426,마산지사,교육용,R2118234,계기교체,기타,97.9,86.8,94.8,29.9,85.0,90.6,89.2,,82.0,친절하고 빠른 처리 감사합니다.
427,고성지사,산업용,R8123059,명의변경,한전ON,11.1,94.5,92.9,81.9,91.0,95.2,94.2,,80.1,친절하고 빠른 처리 감사합니다.
428,김해지사,일반용,R5781687,계기교체,직원,91.8,62.2,99.2,73.1,22.4,54.6,0.0,,57.6,보통입니다. 조금 더 신속했으면 좋겠네요.
429,창원지사,가로등,R9553003,이사정산,고객센터,89.8,87.0,86.4,78.7,87.0,98.2,95.5,,88.9,친절하고 빠른 처리 감사합니다.
430,김해지사,산업용,R6756061,요금문의,한전ON,97.4,97.5,32.2,97.1,22.0,88.4,89.7,,74.9,보통입니다. 조금 더 신속했으면 좋겠네요.
431,김해지사,가로등,R1393224,이사정산,기타,53.2,87.7,99.8,99.7,35.3,63.0,93.4,,76.0,보통입니다. 조금 더 신속했으면 좋겠네요.
432,진주지사,교육용,R4691658,이사정산,직원,40.6,43.5,33.5,41.1,31.6,35.2,32.9,,36.9,처리가 너무 늦고 상담원이 업무를 전혀 모르는 것 같습니다.
433,진주지사,일반용,R1839204,신규신청,한전ON,88.1,84.4,94.0,90.0,25.3,58.7,95.5,,76.6,보통입니다. 조금 더 신속했으면 좋겠네요.
434,창원지사,주택용,R8020535,요금문의,고객센터,72.3,85.7,92.9,70.6,84.3,75.6,97.2,,82.7,친절하고 빠른 처리 감사합니다.
435,하동지사,주택용,R7156533,계기교체,고객센터,41.1,91.8,82.8,86.6,58.2,99.8,92.4,,79.0,보통입니다. 조금 더 신속했으면 좋겠네요.
436,마산지사,산업용,R9343859,계기교체,직원,48.8,81.8,90.7,42.1,10.7,35.8,70.6,,54.4,보통입니다. 조금 더 신속했으면 좋겠네요.
437,거제지사,일반용,R2176928,이사정산,고객센터,98.0,10.2,85.0,87.1,92.3,65.3,92.4,,75.8,보통입니다. 조금 더 신속했으면 좋겠네요.
438,진주지사,주택용,R2557614,계기교체,기타,97.0,85.2,94.5,90.3,90.3,97.7,96.8,,93.1,친절하고 빠른 처리 감사합니다.
439,진주지사,주택용,R5788662,이사정산,고객센터,97.1,89.0,63.9,87.9,0.0,98.9,98.6,,76.5,보통입니다. 조금 더 신속했으면 좋겠네요.
440,하동지사,주택용,R5396032,요금문의,고객센터,93.4,28.9,94.3,40.6,67.5,30.3,0.0,,50.7,보통입니다. 조금 더 신속했으면 좋겠네요.
441,고성지사,교육용,R7377750,기타단순문의,직원,91.3,91.6,84.8,0.0,82.9,43.4,12.1,,58.0,보통입니다. 조금 더 신속했으면 좋겠네요.
442,진주지사,농사용,R5329048,신규신청,고객센터,23.7,92.7,85.9,81.6,98.8,0.0,57.7,,62.9,보통입니다. 조금 더 신속했으면 좋겠네요.
443,거제지사,가로등,R9840332,기타단순문의,기타,87.3,21.6,81.7,82.0,82.4,93.9,44.1,,70.4,보통입니다. 조금 더 신속했으면 좋겠네요.
444,하동지사,교육용,R9633951,계기교체,기타,95.4,51.2,90.5,88.3,49.6,97.7,84.2,,79.6,보통입니다. 조금 더 신속했으면 좋겠네요.
445,거제지사,교육용,R1221020,신규신청,기타,83.5,13.8,75.2,81.7,38.9,85.1,98.2,,68.1,보통입니다. 조금 더 신속했으면 좋겠네요.
446,김해지사,일반용,R8017090,명의변경,고객센터,95.6,51.7,67.1,71.3,96.2,96.0,25.7,,71.9,보통입니다. 조금 더 신속했으면 좋겠네요.
447,진주지사,산업용,R5543460,이사정산,직원,34.3,30.8,36.8,37.6,26.6,43.3,41.4,,35.8,처리가 너무 늦고 상담원이 업무를 전혀 모르는 것 같습니다.
448,진주지사,일반용,R3990496,기타단순문의,직원,64.5,89.1,34.8,0.0,63.2,0.0,89.0,,48.7,처리가 너무 늦고 상담원이 업무를 전혀 모르는 것 같습니다.
449,진주지사,농사용,R6728597,요금문의,직원,99.1,0.0,98.0,39.4,82.4,84.5,52.2,,65.1,보통입니다. 조금 더 신속했으면 좋겠네요.
450,거제지사,교육용,R8438708,계기교체,한전ON,90.0,92.7,93.9,93.3,97.1,93.2,94.9,,93.6,친절하고 빠른 처리 감사합니다.
451,거제지사,일반용,R7109233,전기고장,기타,81.4,98.2,79.8,82.1,75.0,83.2,87.7,,83.9,친절하고 빠른 처리 감사합니다.
452,창원지사,주택용,R1846242,명의변경,직원,90.9,92.3,88.6,87.1,87.6,40.5,91.3,,82.6,친절하고 빠른 처리 감사합니다.
453,창원지사,일반용,R3497915,이사정산,직원,40.9,40.8,39.7,41.6,40.2,35.4,42.2,,40.1,처리가 너무 늦고 상담원이 업무를 전혀 모르는 것 같습니다.
454,통영지사,일반용,R1736848,신규신청,고객센터,95.1,81.8,19.4,77.7,22.0,96.2,90.0,,68.9,보통입니다. 조금 더 신속했으면 좋겠네요.
455,거제지사,산업용,R6121170,이사정산,한전ON,89.8,13.9,69.1,87.1,93.7,85.8,83.1,,74.6,보통입니다. 조금 더 신속했으면 좋겠네요.
456,거제지사,농사용,R4232282,명의변경,한전ON,84.1,93.8,97.3,81.1,82.1,90.2,81.4,,87.1,친절하고 빠른 처리 감사합니다.
457,통영지사,농사용,R9699639,신규신청,한전ON,0.0,23.9,76.1,92.1,91.6,66.2,89.3,,62.7,보통입니다. 조금 더 신속했으면 좋겠네요.
458,진주지사,농사용,R4553387,기타단순문의,직원,83.5,23.1,92.7,55.1,58.7,93.5,11.6,,59.7,보통입니다. 조금 더 신속했으면 좋겠네요.
459,창원지사,산업용,R4844640,명의변경,직원,87.4,32.1,47.8,81.1,81.4,22.4,56.6,,58.4,보통입니다. 조금 더 신속했으면 좋겠네요.
460,창원지사,일반용,R5829852,요금문의,직원,95.1,82.7,83.0,0.0,92.1,96.2,96.0,,77.9,보통입니다. 조금 더 신속했으면 좋겠네요.
461,고성지사,교육용,R6180305,전기고장,고객센터,18.7,27.1,23.9,29.8,23.7,18.5,22.9,,23.5,처리가 너무 늦고 상담원이 업무를 전혀 모르는 것 같습니다.
462,하동지사,가로등,R9562529,기타단순문의,기타,81.3,86.8,92.8,19.2,93.3,0.0,93.5,,66.7,보통입니다. 조금 더 신속했으면 좋겠네요.
463,거제지사,농사용,R8554948,계기교체,한전ON,89.6,74.5,11.6,29.0,87.4,15.9,93.9,,57.4,보통입니다. 조금 더 신속했으면 좋겠네요.
464,창원지사,산업용,R8852875,명의변경,한전ON,94.6,96.6,89.8,83.8,95.0,82.0,93.4,,90.7,친절하고 빠른 처리 감사합니다.
465,거제지사,교육용,R1798067,요금문의,고객센터,96.3,95.8,82.3,71.1,97.9,95.0,99.9,,91.2,친절하고 빠른 처리 감사합니다.
466,통영지사,산업용,R6160488,이사정산,기타,88.5,18.6,44.5,86.6,91.4,0.0,87.9,,59.6,보통입니다. 조금 더 신속했으면 좋겠네요.
467,통영지사,주택용,R5433314,명의변경,직원,87.8,88.6,93.8,25.5,91.4,81.6,28.5,,71.0,보통입니다. 조금 더 신속했으면 좋겠네요.
468,진주지사,가로등,R6446119,기타단순문의,기타,86.9,58.6,76.1,83.5,88.1,96.3,94.1,,83.4,친절하고 빠른 처리 감사합니다.
469,마산지사,가로등,R1730390,요금문의,한전ON,93.7,84.5,62.9,83.6,48.2,90.8,91.6,,79.3,보통입니다. 조금 더 신속했으면 좋겠네요.
470,진주지사,농사용,R8786198,신규신청,직원,83.8,93.9,66.6,0.0,81.3,65.9,90.4,,68.8,보통입니다. 조금 더 신속했으면 좋겠네요.
471,김해지사,산업용,R4741951,기타단순문의,고객센터,40.8,21.2,39.3,42.9,33.4,36.3,22.0,,33.7,처리가 너무 늦고 상담원이 업무를 전혀 모르는 것 같습니다.
472,마산지사,가로등,R3202549,신규신청,기타,81.4,66.3,63.1,87.8,49.8,88.1,98.8,,76.5,보통입니다. 조금 더 신속했으면 좋겠네요.
473,고성지사,교육용,R2109833,이사정산,직원,39.7,42.5,44.0,44.3,36.5,38.4,40.6,,40.9,처리가 너무 늦고 상담원이 업무를 전혀 모르는 것 같습니다.
474,김해지사,주택용,R6301269,신규신청,한전ON,16.4,87.9,92.8,90.1,98.0,83.3,39.6,,72.6,보통입니다. 조금 더 신속했으면 좋겠네요.
475,고성지사,산업용,R3354781,요금문의,한전ON,92.9,82.4,33.1,0.0,26.1,90.7,82.2,,58.2,보통입니다. 조금 더 신속했으면 좋겠네요.
476,하동지사,주택용,R7591099,전기고장,고객센터,30.9,15.7,26.0,29.8,30.5,15.1,33.0,,25.9,처리가 너무 늦고 상담원이 업무를 전혀 모르는 것 같습니다.
477,거제지사,일반용,R4288394,계기교체,한전ON,96.1,98.6,70.6,68.6,81.5,95.1,38.5,,78.4,보통입니다. 조금 더 신속했으면 좋겠네요.
478,거제지사,일반용,R3190805,전기고장,한전ON,78.9,92.6,84.6,44.7,92.1,57.7,81.8,,76.1,보통입니다. 조금 더 신속했으면 좋겠네요.
479,하동지사,농사용,R4412377,전기고장,기타,95.9,26.3,88.0,82.8,99.8,0.0,93.3,,69.4,보통입니다. 조금 더 신속했으면 좋겠네요.
480,김해지사,농사용,R8878135,기타단순문의,한전ON,89.2,93.8,53.4,47.9,84.8,98.3,89.6,,79.6,보통입니다. 조금 더 신속했으면 좋겠네요.
481,통영지사,산업용,R3881390,명의변경,고객센터,33.7,21.1,22.1,27.0,41.7,22.4,25.9,,27.7,처리가 너무 늦고 상담원이 업무를 전혀 모르는 것 같습니다.
482,통영지사,농사용,R4695821,명의변경,한전ON,63.6,82.0,86.0,79.7,29.3,88.7,88.0,,73.9,보통입니다. 조금 더 신속했으면 좋겠네요.
483,하동지사,농사용,R4502730,요금문의,기타,83.9,99.2,85.9,25.1,29.7,49.1,97.1,,67.1,보통입니다. 조금 더 신속했으면 좋겠네요.
484,거제지사,가로등,R5583193,명의변경,기타,98.1,98.4,81.3,91.8,95.5,0.0,25.8,,70.1,보통입니다. 조금 더 신속했으면 좋겠네요.
485,거제지사,농사용,R3489369,명의변경,기타,79.1,82.3,94.2,42.9,70.8,92.0,82.4,,77.7,보통입니다. 조금 더 신속했으면 좋겠네요.
486,고성지사,가로등,R6154908,명의변경,한전ON,94.5,34.9,92.7,96.6,0.0,98.7,99.7,,73.9,보통입니다. 조금 더 신속했으면 좋겠네요.
487,고성지사,교육용,R3839509,계기교체,한전ON,83.4,93.3,96.8,60.8,0.0,69.8,15.4,,59.9,보통입니다. 조금 더 신속했으면 좋겠네요.
488,거제지사,교육용,R6084331,요금문의,기타,44.5,90.7,81.4,94.2,84.4,18.9,88.3,,71.8,보통입니다. 조금 더 신속했으면 좋겠네요.
489,진주지사,일반용,R5453332,요금문의,직원,87.8,97.5,93.0,78.0,97.7,96.8,82.4,,90.5,친절하고 빠른 처리 감사합니다.
490,창원지사,농사용,R8293443,이사정산,한전ON,34.2,70.8,0.0,94.3,71.3,54.8,64.6,,55.7,보통입니다. 조금 더 신속했으면 좋겠네요.
491,하동지사,주택용,R4693008,요금문의,직원,95.5,67.1,85.8,96.2,96.1,83.6,90.2,,87.8,친절하고 빠른 처리 감사합니다.
492,하동지사,농사용,R3107299,명의변경,한전ON,15.9,97.4,91.8,83.4,0.0,87.4,88.1,,66.3,보통입니다. 조금 더 신속했으면 좋겠네요.
493,진주지사,교육용,R9987212,전기고장,고객센터,16.3,21.4,29.1,17.7,16.7,30.9,15.2,,21.0,처리가 너무 늦고 상담원이 업무를 전혀 모르는 것 같습니다.
494,김해지사,산업용,R1257723,계기교체,고객센터,43.0,32.6,21.2,36.0,23.1,23.8,35.0,,30.7,처리가 너무 늦고 상담원이 업무를 전혀 모르는 것 같습니다.
495,통영지사,농사용,R7965219,명의변경,기타,62.8,56.6,93.1,15.5,20.4,84.2,65.0,,56.8,보통입니다. 조금 더 신속했으면 좋겠네요.
496,창원지사,가로등,R5008212,전기고장,기타,88.7,77.9,62.2,76.2,29.1,60.1,83.3,,68.2,보통입니다. 조금 더 신속했으면 좋겠네요.
497,김해지사,가로등,R4138077,명의변경,한전ON,82.0,99.6,82.7,84.4,21.7,92.2,93.1,,79.4,보통입니다. 조금 더 신속했으면 좋겠네요.
498,진주지사,산업용,R9285887,명의변경,기타,92.2,65.0,30.2,81.1,89.3,84.7,86.8,,75.6,보통입니다. 조금 더 신속했으면 좋겠네요.
499,진주지사,가로등,R1992539,계기교체,한전ON,68.9,70.8,20.5,81.9,97.8,88.9,61.7,,70.1,보통입니다. 조금 더 신속했으면 좋겠네요.
500,진주지사,일반용,R3494049,계기교체,기타,70.7,0.0,81.2,99.8,87.5,94.8,95.0,,75.6,보통입니다. 조금 더 신속했으면 좋겠네요.
501,창원지사,농사용,R7720586,계기교체,기타,99.7,0.0,53.3,0.0,47.0,97.8,84.8,,54.7,보통입니다. 조금 더 신속했으면 좋겠네요.
502,마산지사,일반용,R8353799,전기고장,기타,16.1,99.6,10.3,25.6,47.6,0.0,0.0,,28.5,처리가 너무 늦고 상담원이 업무를 전혀 모르는 것 같습니다.
503,하동지사,농사용,R7245396,신규신청,기타,14.9,83.4,97.6,82.2,97.9,94.7,83.1,,79.1,보통입니다. 조금 더 신속했으면 좋겠네요.
504,김해지사,농사용,R7552982,계기교체,기타,92.2,92.9,84.3,83.8,88.0,86.3,99.9,,89.6,친절하고 빠른 처리 감사합니다.
505,통영지사,주택용,R6227003,기타단순문의,기타,57.1,77.4,88.5,84.6,86.7,88.7,81.6,,80.7,친절하고 빠른 처리 감사합니다.
506,거제지사,교육용,R9720485,전기고장,기타,19.9,99.8,90.8,99.1,67.8,23.0,88.9,,69.9,보통입니다. 조금 더 신속했으면 좋겠네요.
507,진주지사,교육용,R6289564,전기고장,고객센터,31.0,24.3,31.0,20.7,31.4,24.3,33.2,,28.0,처리가 너무 늦고 상담원이 업무를 전혀 모르는 것 같습니다.
508,진주지사,교육용,R9762097,계기교체,직원,46.9,72.7,56.7,99.0,85.2,76.4,32.2,,67.0,보통입니다. 조금 더 신속했으면 좋겠네요.
509,김해지사,가로등,R3279135,이사정산,한전ON,94.1,82.9,98.2,82.3,92.0,81.8,93.6,,89.3,친절하고 빠른 처리 감사합니다.
510,고성지사,농사용,R8669084,이사정산,한전ON,69.3,96.6,49.2,98.3,44.8,11.3,88.2,,65.4,보통입니다. 조금 더 신속했으면 좋겠네요.
511,마산지사,가로등,R2720232,요금문의,고객센터,53.4,81.9,86.5,88.2,69.1,89.2,95.0,,80.5,친절하고 빠른 처리 감사합니다.
512,거제지사,농사용,R2705442,명의변경,기타,94.8,81.8,94.2,83.1,90.3,87.1,23.1,,79.2,보통입니다. 조금 더 신속했으면 좋겠네요.
513,창원지사,가로등,R5607838,요금문의,기타,92.7,0.0,92.1,81.5,0.0,97.8,76.4,,62.9,보통입니다. 조금 더 신속했으면 좋겠네요.
514,김해지사,주택용,R7628328,계기교체,직원,82.6,96.6,71.0,87.4,52.5,84.3,48.0,,74.6,보통입니다. 조금 더 신속했으면 좋겠네요.
515,마산지사,농사용,R3371849,계기교체,고객센터,68.7,87.1,22.2,96.8,86.2,0.0,71.5,,61.8,보통입니다. 조금 더 신속했으면 좋겠네요.
516,창원지사,산업용,R2077210,신규신청,고객센터,21.2,20.5,30.0,38.1,20.2,24.6,28.8,,26.2,처리가 너무 늦고 상담원이 업무를 전혀 모르는 것 같습니다.
517,하동지사,주택용,R6442775,신규신청,한전ON,92.1,82.1,99.4,99.1,25.8,73.1,91.5,,80.4,친절하고 빠른 처리 감사합니다.
518,마산지사,일반용,R7395139,기타단순문의,기타,75.7,59.5,44.2,52.0,88.0,69.2,0.0,,55.5,보통입니다. 조금 더 신속했으면 좋겠네요.
519,마산지사,가로등,R2967387,기타단순문의,한전ON,27.5,84.9,88.8,89.6,91.0,37.5,93.3,,73.2,보통입니다. 조금 더 신속했으면 좋겠네요.
520,고성지사,교육용,R1473876,기타단순문의,고객센터,83.0,81.3,0.0,91.2,82.9,57.7,56.6,,64.7,보통입니다. 조금 더 신속했으면 좋겠네요.
521,진주지사,교육용,R3039769,전기고장,직원,0.0,91.7,87.0,83.8,14.2,83.2,81.6,,63.1,보통입니다. 조금 더 신속했으면 좋겠네요.
522,고성지사,주택용,R2212107,요금문의,기타,98.7,81.1,76.1,99.1,98.8,84.3,87.0,,89.3,친절하고 빠른 처리 감사합니다.
523,거제지사,주택용,R2087689,이사정산,직원,86.5,97.8,73.1,42.1,88.4,81.5,62.5,,76.0,보통입니다. 조금 더 신속했으면 좋겠네요.
524,마산지사,가로등,R9885104,기타단순문의,직원,25.1,90.8,96.2,35.7,99.6,97.0,81.0,,75.1,보통입니다. 조금 더 신속했으면 좋겠네요.
525,김해지사,농사용,R8495491,이사정산,직원,81.9,92.5,15.6,79.1,11.9,99.7,20.3,,57.3,보통입니다. 조금 더 신속했으면 좋겠네요.
526,진주지사,산업용,R5497772,요금문의,한전ON,92.3,71.9,90.6,77.8,17.3,89.9,0.0,,62.8,보통입니다. 조금 더 신속했으면 좋겠네요.
527,김해지사,농사용,R9833254,계기교체,고객센터,83.1,86.1,23.7,92.8,95.4,95.9,76.9,,79.1,보통입니다. 조금 더 신속했으면 좋겠네요.
528,하동지사,농사용,R4270383,전기고장,고객센터,27.7,23.4,17.8,33.5,25.2,31.4,22.1,,25.9,처리가 너무 늦고 상담원이 업무를 전혀 모르는 것 같습니다.
529,창원지사,농사용,R6701404,계기교체,직원,99.8,84.0,91.6,67.2,99.6,95.8,23.2,,80.2,친절하고 빠른 처리 감사합니다.
530,창원지사,주택용,R5701400,신규신청,기타,35.0,99.2,82.8,87.8,53.5,93.0,97.3,,78.4,보통입니다. 조금 더 신속했으면 좋겠네요.
531,하동지사,산업용,R9821091,명의변경,고객센터,22.7,27.9,21.4,30.6,37.1,28.2,29.8,,28.2,처리가 너무 늦고 상담원이 업무를 전혀 모르는 것 같습니다.
532,창원지사,산업용,R6531377,명의변경,기타,21.2,0.0,0.0,91.1,98.3,99.1,0.0,,44.2,처리가 너무 늦고 상담원이 업무를 전혀 모르는 것 같습니다.
533,김해지사,가로등,R6779352,신규신청,기타,98.0,93.6,94.5,53.7,70.3,0.0,85.5,,70.8,보통입니다. 조금 더 신속했으면 좋겠네요.
534,하동지사,농사용,R9353275,전기고장,직원,15.3,90.4,99.7,75.7,59.8,73.9,91.0,,72.3,보통입니다. 조금 더 신속했으면 좋겠네요.
535,마산지사,산업용,R8870863,요금문의,기타,45.5,74.3,88.4,89.6,95.9,93.2,82.2,,81.3,친절하고 빠른 처리 감사합니다.
536,창원지사,가로등,R3551436,요금문의,한전ON,84.1,32.6,97.5,98.8,85.6,81.1,94.4,,82.0,친절하고 빠른 처리 감사합니다.
537,하동지사,주택용,R5922627,이사정산,고객센터,17.6,81.0,83.6,81.4,92.6,0.0,90.2,,63.8,보통입니다. 조금 더 신속했으면 좋겠네요.
538,고성지사,가로등,R8281810,계기교체,기타,38.8,98.6,81.1,85.8,92.4,0.0,66.7,,66.2,보통입니다. 조금 더 신속했으면 좋겠네요.
539,통영지사,농사용,R7416199,요금문의,고객센터,29.7,98.1,82.2,88.0,85.7,97.2,66.7,,78.2,보통입니다. 조금 더 신속했으면 좋겠네요.
540,진주지사,주택용,R1318936,계기교체,직원,92.8,91.7,97.2,93.0,88.3,93.4,95.3,,93.1,친절하고 빠른 처리 감사합니다.
541,통영지사,교육용,R7655542,기타단순문의,고객센터,46.5,97.2,61.6,65.2,88.2,57.1,99.4,,73.6,보통입니다. 조금 더 신속했으면 좋겠네요.
542,진주지사,가로등,R7620889,이사정산,기타,96.2,64.4,96.6,0.0,32.5,91.2,85.5,,66.6,보통입니다. 조금 더 신속했으면 좋겠네요.
543,통영지사,농사용,R4375907,이사정산,한전ON,81.6,92.8,48.2,95.6,99.6,27.9,72.0,,74.0,보통입니다. 조금 더 신속했으면 좋겠네요.
544,하동지사,농사용,R7047320,요금문의,직원,92.2,82.6,86.7,40.9,94.1,15.1,98.5,,72.9,보통입니다. 조금 더 신속했으면 좋겠네요.
545,고성지사,교육용,R5690564,요금문의,한전ON,97.6,93.9,82.9,85.6,55.4,64.4,89.3,,81.3,친절하고 빠른 처리 감사합니다.
546,진주지사,주택용,R2848206,이사정산,직원,84.6,98.0,95.0,97.8,83.7,89.8,23.0,,81.7,친절하고 빠른 처리 감사합니다.
547,하동지사,주택용,R9556505,계기교체,한전ON,67.6,98.8,84.4,46.0,99.2,82.7,90.5,,81.3,친절하고 빠른 처리 감사합니다.
548,김해지사,가로등,R6613612,이사정산,고객센터,66.0,83.0,61.1,0.0,69.8,83.1,78.4,,63.1,보통입니다. 조금 더 신속했으면 좋겠네요.
549,통영지사,산업용,R4055183,전기고장,한전ON,81.0,95.8,19.2,72.3,0.0,27.4,72.3,,52.6,보통입니다. 조금 더 신속했으면 좋겠네요.
550,김해지사,가로등,R2453709,이사정산,기타,25.5,84.9,97.6,89.5,55.6,98.9,96.3,,78.3,보통입니다. 조금 더 신속했으면 좋겠네요.
551,거제지사,산업용,R9460468,전기고장,한전ON,32.7,0.0,18.0,89.7,0.0,98.5,84.6,,46.2,처리가 너무 늦고 상담원이 업무를 전혀 모르는 것 같습니다.
552,마산지사,교육용,R3796787,요금문의,한전ON,90.6,0.0,89.8,98.8,58.4,97.5,99.6,,76.4,보통입니다. 조금 더 신속했으면 좋겠네요.
553,하동지사,농사용,R5443430,요금문의,직원,91.2,85.8,93.8,89.5,93.5,71.6,84.5,,87.1,친절하고 빠른 처리 감사합니다.
554,거제지사,주택용,R2512751,요금문의,직원,96.6,86.1,32.0,85.0,90.3,87.4,26.9,,72.0,보통입니다. 조금 더 신속했으면 좋겠네요.
555,김해지사,주택용,R7409490,계기교체,직원,85.4,67.3,0.0,86.7,90.1,92.7,95.5,,74.0,보통입니다. 조금 더 신속했으면 좋겠네요.
556,거제지사,농사용,R2590923,신규신청,기타,96.4,0.0,86.9,84.8,91.5,87.3,88.9,,76.5,보통입니다. 조금 더 신속했으면 좋겠네요.
557,김해지사,산업용,R5841231,명의변경,고객센터,34.0,31.4,36.0,41.9,38.4,31.4,32.1,,35.0,처리가 너무 늦고 상담원이 업무를 전혀 모르는 것 같습니다.
558,진주지사,가로등,R5885785,계기교체,기타,96.1,99.3,0.0,89.6,97.7,87.4,70.2,,77.2,보통입니다. 조금 더 신속했으면 좋겠네요.
559,거제지사,일반용,R2425558,신규신청,고객센터,0.0,93.1,84.3,87.0,81.7,81.4,59.1,,69.5,보통입니다. 조금 더 신속했으면 좋겠네요.
560,창원지사,가로등,R1553350,기타단순문의,한전ON,90.9,94.3,82.4,88.0,57.6,94.5,83.9,,84.5,친절하고 빠른 처리 감사합니다.
561,하동지사,가로등,R1984270,요금문의,기타,96.5,92.7,63.3,13.3,19.9,92.7,96.6,,67.9,보통입니다. 조금 더 신속했으면 좋겠네요.
562,거제지사,농사용,R5479960,전기고장,기타,89.9,96.7,55.5,95.2,89.1,89.9,72.1,,84.1,친절하고 빠른 처리 감사합니다.
563,고성지사,교육용,R5422891,기타단순문의,직원,92.8,56.2,58.5,35.4,46.0,96.4,86.2,,67.4,보통입니다. 조금 더 신속했으면 좋겠네요.
564,김해지사,교육용,R8136505,명의변경,직원,89.7,91.6,85.8,79.0,93.3,97.2,13.6,,78.6,보통입니다. 조금 더 신속했으면 좋겠네요.
565,진주지사,산업용,R1400844,기타단순문의,한전ON,98.9,95.5,88.0,86.9,83.7,85.7,20.3,,79.9,보통입니다. 조금 더 신속했으면 좋겠네요.
566,진주지사,교육용,R6053737,계기교체,기타,89.6,91.3,82.8,13.7,0.0,0.0,81.3,,51.2,보통입니다. 조금 더 신속했으면 좋겠네요.
567,고성지사,주택용,R3183524,계기교체,고객센터,99.1,92.9,99.1,88.7,22.2,99.8,16.6,,74.1,보통입니다. 조금 더 신속했으면 좋겠네요.
568,마산지사,주택용,R5115671,전기고장,직원,87.5,89.3,93.0,90.3,82.6,95.3,0.0,,76.9,보통입니다. 조금 더 신속했으면 좋겠네요.
569,창원지사,산업용,R7031953,명의변경,한전ON,98.3,92.6,83.1,0.0,86.5,42.1,90.2,,70.4,보통입니다. 조금 더 신속했으면 좋겠네요.
570,창원지사,산업용,R8678697,이사정산,직원,0.0,71.5,25.5,44.2,86.3,92.2,0.0,,45.7,처리가 너무 늦고 상담원이 업무를 전혀 모르는 것 같습니다.
571,하동지사,주택용,R5680103,신규신청,고객센터,99.3,51.8,93.3,75.0,81.4,93.4,21.4,,73.7,보통입니다. 조금 더 신속했으면 좋겠네요.
572,고성지사,교육용,R7254306,전기고장,기타,98.8,95.2,68.3,85.9,81.5,92.1,69.2,,84.4,친절하고 빠른 처리 감사합니다.
573,김해지사,가로등,R9511447,요금문의,고객센터,86.0,92.9,98.4,84.4,99.1,77.9,95.0,,90.5,친절하고 빠른 처리 감사합니다.
574,거제지사,주택용,R1752000,전기고장,기타,73.9,54.1,81.3,86.9,94.3,94.0,82.3,,81.0,친절하고 빠른 처리 감사합니다.
575,고성지사,농사용,R4448020,기타단순문의,기타,41.1,82.9,0.0,58.5,85.5,97.3,94.0,,65.6,보통입니다. 조금 더 신속했으면 좋겠네요.
576,거제지사,농사용,R9371760,기타단순문의,한전ON,83.3,59.8,89.3,89.9,96.0,51.4,81.5,,78.7,보통입니다. 조금 더 신속했으면 좋겠네요.
577,마산지사,가로등,R2116393,전기고장,고객센터,29.6,17.3,19.1,26.1,26.4,31.6,26.6,,25.2,처리가 너무 늦고 상담원이 업무를 전혀 모르는 것 같습니다.
578,거제지사,주택용,R8660393,요금문의,기타,49.8,82.6,82.3,95.0,93.8,90.2,54.9,,78.4,보통입니다. 조금 더 신속했으면 좋겠네요.
579,거제지사,주택용,R2958579,이사정산,기타,53.0,94.2,92.8,59.2,98.5,90.6,82.9,,81.6,친절하고 빠른 처리 감사합니다.
580,창원지사,주택용,R4237651,계기교체,직원,95.4,84.4,81.0,78.4,92.5,98.7,88.5,,88.4,친절하고 빠른 처리 감사합니다.
581,통영지사,가로등,R3642088,기타단순문의,고객센터,51.5,96.5,93.7,51.4,86.1,84.0,92.1,,79.3,보통입니다. 조금 더 신속했으면 좋겠네요.
582,마산지사,산업용,R3875534,기타단순문의,한전ON,83.5,86.5,97.0,92.8,74.2,11.0,87.8,,76.1,보통입니다. 조금 더 신속했으면 좋겠네요.
583,창원지사,일반용,R8491083,계기교체,직원,76.4,82.9,99.7,86.9,92.6,92.1,91.1,,88.8,친절하고 빠른 처리 감사합니다.
584,창원지사,가로등,R7763214,전기고장,직원,92.3,90.2,83.6,99.5,86.5,86.6,83.3,,88.9,친절하고 빠른 처리 감사합니다.
585,통영지사,교육용,R4236641,이사정산,한전ON,84.6,95.9,90.1,55.7,92.5,89.4,96.7,,86.4,친절하고 빠른 처리 감사합니다.
586,김해지사,가로등,R7272932,요금문의,기타,74.1,97.0,39.9,81.2,20.8,81.1,84.3,,68.3,보통입니다. 조금 더 신속했으면 좋겠네요.
587,창원지사,농사용,R7467833,요금문의,기타,0.0,53.3,83.8,37.1,97.5,82.4,89.5,,63.4,보통입니다. 조금 더 신속했으면 좋겠네요.
588,김해지사,주택용,R4572834,이사정산,고객센터,70.6,58.4,60.1,88.9,56.8,99.4,94.9,,75.6,보통입니다. 조금 더 신속했으면 좋겠네요.
589,진주지사,교육용,R1098977,기타단순문의,고객센터,87.3,47.2,69.0,92.3,86.8,82.5,94.1,,79.9,보통입니다. 조금 더 신속했으면 좋겠네요.
590,하동지사,교육용,R5939095,신규신청,한전ON,0.0,86.5,19.5,63.8,95.7,97.9,79.5,,63.3,보통입니다. 조금 더 신속했으면 좋겠네요.
591,거제지사,가로등,R5329506,계기교체,기타,73.8,28.3,85.3,18.5,89.1,89.9,97.9,,69.0,보통입니다. 조금 더 신속했으면 좋겠네요.
592,김해지사,교육용,R6543957,신규신청,한전ON,87.4,96.4,89.5,92.4,95.8,99.8,0.0,,80.2,친절하고 빠른 처리 감사합니다.
593,창원지사,주택용,R3044128,요금문의,기타,60.9,0.0,68.2,93.3,92.4,14.2,54.0,,54.7,보통입니다. 조금 더 신속했으면 좋겠네요.
594,김해지사,가로등,R1926679,명의변경,고객센터,96.9,40.7,94.4,84.3,86.7,93.4,91.6,,84.0,친절하고 빠른 처리 감사합니다.
595,하동지사,교육용,R3009408,전기고장,기타,92.3,93.6,89.3,77.9,88.5,98.5,28.1,,81.2,친절하고 빠른 처리 감사합니다.
596,창원지사,농사용,R7005753,명의변경,직원,89.8,0.0,87.2,60.5,0.0,97.5,0.0,,47.9,처리가 너무 늦고 상담원이 업무를 전혀 모르는 것 같습니다.
597,거제지사,산업용,R6056860,명의변경,기타,86.9,83.7,98.1,88.1,62.5,93.8,82.0,,85.0,친절하고 빠른 처리 감사합니다.
598,마산지사,일반용,R9188463,기타단순문의,고객센터,90.2,0.0,93.8,0.0,36.5,14.3,77.4,,44.6,처리가 너무 늦고 상담원이 업무를 전혀 모르는 것 같습니다.
599,마산지사,일반용,R2730209,명의변경,한전ON,25.3,82.6,90.5,88.2,87.4,94.2,41.1,,72.8,보통입니다. 조금 더 신속했으면 좋겠네요.
600,진주지사,산업용,R3681283,이사정산,한전ON,90.0,15.4,97.0,87.9,86.0,94.7,33.8,,72.1,보통입니다. 조금 더 신속했으면 좋겠네요.
601,마산지사,일반용,R8700810,요금문의,고객센터,90.1,85.1,51.5,90.1,56.9,81.4,87.2,,77.5,보통입니다. 조금 더 신속했으면 좋겠네요.
602,통영지사,일반용,R7247731,명의변경,직원,33.7,73.6,94.2,81.5,91.1,82.5,0.0,,65.2,보통입니다. 조금 더 신속했으면 좋겠네요.
603,진주지사,주택용,R8632555,이사정산,한전ON,23.1,93.6,88.8,81.5,92.2,93.4,89.3,,80.3,친절하고 빠른 처리 감사합니다.
604,하동지사,농사용,R1419245,전기고장,고객센터,26.9,28.9,24.8,30.3,28.9,17.4,17.7,,25.0,처리가 너무 늦고 상담원이 업무를 전혀 모르는 것 같습니다.
605,거제지사,산업용,R3339978,이사정산,기타,58.5,85.4,25.2,96.4,98.0,74.6,67.4,,72.2,보통입니다. 조금 더 신속했으면 좋겠네요.
606,고성지사,산업용,R7645250,요금문의,기타,93.1,81.7,92.6,26.3,84.2,84.5,83.5,,78.0,보통입니다. 조금 더 신속했으면 좋겠네요.
607,마산지사,주택용,R4589551,계기교체,한전ON,89.8,76.1,24.9,97.5,62.4,93.3,36.5,,68.6,보통입니다. 조금 더 신속했으면 좋겠네요.
608,진주지사,일반용,R6680622,이사정산,기타,98.6,92.6,84.8,64.7,100.0,0.0,97.2,,76.8,보통입니다. 조금 더 신속했으면 좋겠네요.
609,하동지사,주택용,R1272817,계기교체,고객센터,33.4,97.1,79.7,91.4,73.2,91.5,91.1,,79.6,보통입니다. 조금 더 신속했으면 좋겠네요.
610,창원지사,농사용,R4462738,명의변경,기타,83.5,90.7,41.5,62.0,20.3,86.1,37.1,,60.2,보통입니다. 조금 더 신속했으면 좋겠네요.
611,김해지사,주택용,R4838629,요금문의,기타,83.5,65.0,94.1,92.4,83.6,81.4,98.6,,85.5,친절하고 빠른 처리 감사합니다.
612,통영지사,일반용,R1850012,요금문의,고객센터,52.7,97.2,81.1,87.5,96.1,99.6,39.6,,79.1,보통입니다. 조금 더 신속했으면 좋겠네요.
613,거제지사,주택용,R6815630,요금문의,한전ON,94.9,92.5,92.4,86.9,83.4,83.1,43.7,,82.4,친절하고 빠른 처리 감사합니다.
614,마산지사,가로등,R6136533,전기고장,직원,94.9,94.7,89.1,91.6,66.2,100.0,98.6,,90.7,친절하고 빠른 처리 감사합니다.
615,고성지사,교육용,R4003813,이사정산,기타,91.4,86.7,96.9,94.5,84.3,95.6,65.0,,87.8,친절하고 빠른 처리 감사합니다.
616,고성지사,농사용,R8559578,요금문의,직원,92.4,98.6,95.3,90.4,96.4,82.7,49.5,,86.5,친절하고 빠른 처리 감사합니다.
617,거제지사,농사용,R6527890,이사정산,한전ON,98.2,85.4,43.2,83.7,60.9,90.0,90.5,,78.8,보통입니다. 조금 더 신속했으면 좋겠네요.
618,마산지사,주택용,R2566633,전기고장,기타,87.2,83.5,23.0,43.3,91.1,81.3,81.8,,70.2,보통입니다. 조금 더 신속했으면 좋겠네요.
619,고성지사,산업용,R8933461,명의변경,한전ON,40.1,84.0,59.0,94.1,97.3,61.3,82.3,,74.0,보통입니다. 조금 더 신속했으면 좋겠네요.
620,진주지사,주택용,R9371520,전기고장,직원,94.1,93.6,45.9,92.7,97.1,87.1,93.1,,86.2,친절하고 빠른 처리 감사합니다.
621,진주지사,산업용,R7680440,명의변경,한전ON,57.5,91.0,82.0,97.0,92.4,96.7,0.0,,73.8,보통입니다. 조금 더 신속했으면 좋겠네요.
622,창원지사,교육용,R2218503,명의변경,기타,61.9,48.3,91.1,96.6,35.1,97.0,87.8,,74.0,보통입니다. 조금 더 신속했으면 좋겠네요.
623,김해지사,주택용,R4700915,계기교체,직원,99.3,90.9,12.7,86.9,93.1,41.1,84.8,,72.7,보통입니다. 조금 더 신속했으면 좋겠네요.
624,통영지사,산업용,R8784900,신규신청,직원,98.8,88.8,85.0,93.6,15.8,83.4,89.7,,79.3,보통입니다. 조금 더 신속했으면 좋겠네요.
625,거제지사,교육용,R1770328,요금문의,고객센터,23.5,35.9,89.6,90.3,62.0,93.9,81.3,,68.1,보통입니다. 조금 더 신속했으면 좋겠네요.
626,진주지사,농사용,R1317499,계기교체,직원,92.1,36.2,67.5,95.7,60.3,94.7,93.7,,77.2,보통입니다. 조금 더 신속했으면 좋겠네요.
627,진주지사,일반용,R4123621,명의변경,직원,93.7,98.4,62.6,83.8,75.1,84.0,86.7,,83.5,친절하고 빠른 처리 감사합니다.
628,김해지사,교육용,R9798142,기타단순문의,기타,96.6,90.7,94.9,82.7,85.7,81.1,94.9,,89.5,친절하고 빠른 처리 감사합니다.
629,마산지사,일반용,R6413543,기타단순문의,직원,84.5,81.0,82.4,17.7,90.6,21.5,49.2,,61.0,보통입니다. 조금 더 신속했으면 좋겠네요.
630,진주지사,가로등,R1406771,기타단순문의,고객센터,64.2,88.1,97.9,93.5,85.3,0.0,93.2,,74.6,보통입니다. 조금 더 신속했으면 좋겠네요.
631,거제지사,주택용,R6492175,명의변경,고객센터,93.2,92.9,0.0,92.7,82.2,71.3,87.2,,74.2,보통입니다. 조금 더 신속했으면 좋겠네요.
632,고성지사,일반용,R6592469,이사정산,직원,91.1,89.8,0.0,89.5,89.1,10.0,84.4,,64.8,보통입니다. 조금 더 신속했으면 좋겠네요.
633,진주지사,가로등,R5163602,요금문의,기타,45.5,84.3,87.6,87.5,96.5,97.6,51.2,,78.6,보통입니다. 조금 더 신속했으면 좋겠네요.
634,김해지사,교육용,R9959651,계기교체,직원,100.0,17.7,90.9,93.8,75.2,93.2,73.8,,77.8,보통입니다. 조금 더 신속했으면 좋겠네요.
635,고성지사,가로등,R3981530,계기교체,직원,62.2,85.8,81.7,74.5,87.1,96.4,81.2,,81.3,친절하고 빠른 처리 감사합니다.
636,통영지사,일반용,R4277177,기타단순문의,직원,83.4,53.4,18.2,60.7,81.4,0.0,91.3,,55.5,보통입니다. 조금 더 신속했으면 좋겠네요.
637,하동지사,주택용,R6264274,전기고장,기타,94.6,95.9,92.9,30.3,97.6,96.2,95.9,,86.2,친절하고 빠른 처리 감사합니다.
638,김해지사,주택용,R7711028,계기교체,기타,40.2,14.0,53.2,70.3,89.5,83.9,95.3,,63.8,보통입니다. 조금 더 신속했으면 좋겠네요.
639,진주지사,교육용,R9736408,이사정산,고객센터,93.1,0.0,83.8,78.5,42.1,92.2,57.3,,63.9,보통입니다. 조금 더 신속했으면 좋겠네요.
640,통영지사,주택용,R3357684,전기고장,직원,93.7,0.0,89.9,25.9,85.4,61.1,65.0,,60.1,보통입니다. 조금 더 신속했으면 좋겠네요.
641,진주지사,가로등,R9754892,기타단순문의,직원,96.5,95.9,64.9,57.5,39.5,86.9,22.4,,66.2,보통입니다. 조금 더 신속했으면 좋겠네요.
642,김해지사,농사용,R3729310,요금문의,기타,81.3,88.0,99.2,82.9,84.9,92.6,90.3,,88.5,친절하고 빠른 처리 감사합니다.
643,진주지사,농사용,R3855988,기타단순문의,한전ON,17.6,96.3,24.6,84.5,88.0,92.3,20.6,,60.6,보통입니다. 조금 더 신속했으면 좋겠네요.
644,거제지사,산업용,R4858315,명의변경,한전ON,91.1,91.5,0.0,31.2,91.5,65.2,88.8,,65.6,보통입니다. 조금 더 신속했으면 좋겠네요.
645,김해지사,산업용,R5600175,이사정산,한전ON,98.1,92.0,83.7,92.4,85.3,94.1,94.9,,91.5,친절하고 빠른 처리 감사합니다.
646,김해지사,교육용,R8224361,전기고장,직원,95.6,59.5,90.7,88.9,0.0,91.9,24.1,,64.4,보통입니다. 조금 더 신속했으면 좋겠네요.
647,김해지사,주택용,R1885647,명의변경,한전ON,87.3,99.4,98.9,95.2,29.2,85.0,60.1,,79.3,보통입니다. 조금 더 신속했으면 좋겠네요.
648,창원지사,주택용,R9796362,기타단순문의,기타,86.2,95.1,89.4,89.2,23.7,94.9,95.3,,82.0,친절하고 빠른 처리 감사합니다.
649,진주지사,산업용,R1448720,요금문의,한전ON,82.8,87.0,54.7,82.5,90.4,49.0,90.7,,76.7,보통입니다. 조금 더 신속했으면 좋겠네요.
650,하동지사,산업용,R8607387,이사정산,기타,92.4,68.9,91.2,74.3,87.0,0.0,92.0,,72.3,보통입니다. 조금 더 신속했으면 좋겠네요.
651,진주지사,가로등,R1392342,명의변경,한전ON,89.2,95.1,96.8,89.6,89.0,78.2,91.2,,89.9,친절하고 빠른 처리 감사합니다.
652,창원지사,주택용,R1472201,기타단순문의,직원,32.2,98.0,62.8,97.8,91.3,90.0,90.5,,80.4,친절하고 빠른 처리 감사합니다.
653,마산지사,가로등,R7079599,신규신청,고객센터,90.9,13.7,92.2,86.4,96.4,78.5,86.2,,77.8,보통입니다. 조금 더 신속했으면 좋겠네요.
654,진주지사,가로등,R4270057,요금문의,기타,77.8,85.7,97.7,98.2,93.6,82.7,0.0,,76.5,보통입니다. 조금 더 신속했으면 좋겠네요.
655,진주지사,가로등,R7033096,신규신청,기타,95.3,86.8,69.4,85.5,88.5,95.2,98.4,,88.4,친절하고 빠른 처리 감사합니다.
656,김해지사,주택용,R3171709,기타단순문의,직원,93.1,81.6,35.4,98.9,89.1,56.9,88.2,,77.6,보통입니다. 조금 더 신속했으면 좋겠네요.
657,하동지사,가로등,R4477969,신규신청,고객센터,86.5,83.5,97.3,75.9,84.4,49.7,84.5,,80.3,친절하고 빠른 처리 감사합니다.
658,하동지사,일반용,R7138740,이사정산,직원,83.8,89.0,73.2,89.7,74.1,86.3,19.7,,73.7,보통입니다. 조금 더 신속했으면 좋겠네요.
659,고성지사,가로등,R3386122,기타단순문의,한전ON,21.0,82.6,86.4,21.7,13.1,82.2,81.8,,55.5,보통입니다. 조금 더 신속했으면 좋겠네요.
660,마산지사,산업용,R2687770,신규신청,한전ON,91.5,84.4,22.4,83.8,87.5,87.1,31.5,,69.7,보통입니다. 조금 더 신속했으면 좋겠네요.
661,마산지사,가로등,R5784060,전기고장,기타,98.9,75.1,88.9,88.2,93.8,14.5,84.1,,77.6,보통입니다. 조금 더 신속했으면 좋겠네요.
662,고성지사,가로등,R2882635,전기고장,한전ON,98.7,14.3,91.3,48.3,94.2,25.0,94.9,,66.7,보통입니다. 조금 더 신속했으면 좋겠네요.
663,하동지사,일반용,R6553346,요금문의,기타,65.9,91.9,94.0,95.4,86.7,95.1,85.6,,87.8,친절하고 빠른 처리 감사합니다.
664,거제지사,일반용,R2535822,이사정산,고객센터,90.3,97.4,26.4,97.0,39.5,42.7,97.7,,70.1,보통입니다. 조금 더 신속했으면 좋겠네요.
665,진주지사,산업용,R2975204,이사정산,직원,81.8,97.6,79.7,87.7,0.0,85.6,83.8,,73.7,보통입니다. 조금 더 신속했으면 좋겠네요.
666,진주지사,일반용,R2224126,계기교체,고객센터,90.8,71.4,58.8,96.5,85.4,0.0,86.9,,70.0,보통입니다. 조금 더 신속했으면 좋겠네요.
667,창원지사,교육용,R5846641,계기교체,고객센터,88.5,71.2,97.5,95.3,61.7,84.0,86.2,,83.5,친절하고 빠른 처리 감사합니다.
668,거제지사,일반용,R7462227,계기교체,한전ON,64.4,82.1,53.8,61.8,99.2,99.4,91.0,,78.8,보통입니다. 조금 더 신속했으면 좋겠네요.
669,통영지사,산업용,R6095719,이사정산,기타,88.7,22.5,20.9,94.8,92.3,66.7,66.1,,64.6,보통입니다. 조금 더 신속했으면 좋겠네요.
670,마산지사,주택용,R5239322,기타단순문의,고객센터,98.5,66.7,93.4,41.3,87.8,84.2,91.1,,80.4,친절하고 빠른 처리 감사합니다.
671,통영지사,일반용,R3145616,기타단순문의,기타,18.3,46.1,81.2,85.3,55.6,86.0,12.1,,54.9,보통입니다. 조금 더 신속했으면 좋겠네요.
672,고성지사,교육용,R4696043,신규신청,한전ON,84.4,87.8,96.2,81.2,93.4,91.9,0.0,,76.4,보통입니다. 조금 더 신속했으면 좋겠네요.
673,하동지사,농사용,R8502908,계기교체,기타,82.1,99.1,62.8,91.1,86.8,89.5,99.8,,87.3,친절하고 빠른 처리 감사합니다.
674,고성지사,교육용,R6839249,명의변경,고객센터,95.7,98.3,36.0,98.5,97.3,23.4,44.7,,70.6,보통입니다. 조금 더 신속했으면 좋겠네요.
675,창원지사,일반용,R8922764,전기고장,고객센터,26.4,23.7,19.3,20.0,21.9,29.6,33.9,,25.0,처리가 너무 늦고 상담원이 업무를 전혀 모르는 것 같습니다.
676,진주지사,가로등,R6285407,기타단순문의,한전ON,60.1,86.8,46.4,74.9,96.8,62.5,88.2,,73.7,보통입니다. 조금 더 신속했으면 좋겠네요.
677,고성지사,산업용,R7112942,요금문의,직원,34.3,0.0,97.5,0.0,96.0,93.4,0.0,,45.9,처리가 너무 늦고 상담원이 업무를 전혀 모르는 것 같습니다.
678,고성지사,일반용,R8425019,이사정산,한전ON,57.3,85.7,0.0,98.9,57.5,0.0,98.3,,56.8,보통입니다. 조금 더 신속했으면 좋겠네요.
679,통영지사,일반용,R9529522,명의변경,직원,17.0,91.2,23.7,97.6,37.3,92.5,84.2,,63.4,보통입니다. 조금 더 신속했으면 좋겠네요.
680,마산지사,산업용,R7605651,전기고장,한전ON,86.2,99.2,21.6,96.4,98.2,83.2,85.8,,81.5,친절하고 빠른 처리 감사합니다.
681,통영지사,교육용,R1374056,명의변경,기타,17.6,27.2,34.4,78.2,0.0,66.6,63.6,,41.1,처리가 너무 늦고 상담원이 업무를 전혀 모르는 것 같습니다.
682,거제지사,일반용,R9952128,요금문의,한전ON,0.0,98.5,88.9,97.5,85.1,59.0,84.3,,73.3,보통입니다. 조금 더 신속했으면 좋겠네요.
683,마산지사,일반용,R2057849,신규신청,한전ON,64.0,83.7,65.7,94.6,93.2,83.3,95.5,,82.9,친절하고 빠른 처리 감사합니다.
684,거제지사,가로등,R6722682,요금문의,고객센터,96.2,98.0,82.2,53.6,93.0,87.4,92.5,,86.1,친절하고 빠른 처리 감사합니다.
685,거제지사,가로등,R6382742,요금문의,직원,92.2,11.3,14.7,99.1,72.6,99.7,83.8,,67.6,보통입니다. 조금 더 신속했으면 좋겠네요.
686,고성지사,주택용,R9098341,이사정산,고객센터,84.7,67.6,97.1,87.8,29.0,98.6,96.9,,80.2,친절하고 빠른 처리 감사합니다.
687,창원지사,주택용,R7165463,전기고장,한전ON,95.9,87.4,25.1,0.0,81.4,99.8,81.3,,67.3,보통입니다. 조금 더 신속했으면 좋겠네요.
688,거제지사,가로등,R4515091,전기고장,기타,0.0,93.5,40.8,84.2,15.9,85.6,61.8,,54.5,보통입니다. 조금 더 신속했으면 좋겠네요.
689,김해지사,산업용,R9200327,이사정산,고객센터,40.0,25.3,37.9,28.7,36.5,40.9,41.5,,35.8,처리가 너무 늦고 상담원이 업무를 전혀 모르는 것 같습니다.
690,하동지사,교육용,R2767391,이사정산,고객센터,49.4,91.8,99.4,29.7,84.7,69.9,72.6,,71.1,보통입니다. 조금 더 신속했으면 좋겠네요.
691,거제지사,일반용,R2897802,이사정산,직원,49.3,95.3,78.5,89.6,92.4,86.2,84.3,,82.2,친절하고 빠른 처리 감사합니다.
692,고성지사,주택용,R2867753,기타단순문의,기타,90.8,89.8,68.1,54.0,92.0,55.3,69.8,,74.3,보통입니다. 조금 더 신속했으면 좋겠네요.
693,하동지사,산업용,R6758011,명의변경,직원,83.6,65.8,18.1,92.3,99.1,95.2,96.7,,78.7,보통입니다. 조금 더 신속했으면 좋겠네요.
694,하동지사,농사용,R3607355,요금문의,직원,0.0,31.4,91.7,94.3,96.5,94.8,99.1,,72.5,보통입니다. 조금 더 신속했으면 좋겠네요.
695,고성지사,가로등,R4648266,명의변경,직원,90.4,88.9,97.6,71.6,65.2,93.7,43.4,,78.7,보통입니다. 조금 더 신속했으면 좋겠네요.
696,거제지사,일반용,R7387361,계기교체,고객센터,84.8,84.7,96.8,87.1,99.3,98.6,13.7,,80.7,친절하고 빠른 처리 감사합니다.
697,마산지사,가로등,R4704678,이사정산,한전ON,90.1,84.6,91.6,84.3,84.2,22.9,99.8,,79.6,보통입니다. 조금 더 신속했으면 좋겠네요.
698,하동지사,산업용,R3881620,계기교체,기타,52.8,95.9,88.4,94.2,91.7,0.0,88.5,,73.1,보통입니다. 조금 더 신속했으면 좋겠네요.
699,고성지사,가로등,R1131539,신규신청,기타,95.6,76.4,0.0,11.5,85.8,90.0,85.1,,63.5,보통입니다. 조금 더 신속했으면 좋겠네요.
700,하동지사,일반용,R7967801,신규신청,고객센터,73.2,12.5,88.6,42.6,94.7,90.8,58.5,,65.8,보통입니다. 조금 더 신속했으면 좋겠네요.
701,창원지사,교육용,R5162858,기타단순문의,고객센터,94.5,65.4,53.3,16.7,68.3,88.5,85.9,,67.5,보통입니다. 조금 더 신속했으면 좋겠네요.
702,창원지사,주택용,R2628386,신규신청,한전ON,83.1,83.1,29.7,43.5,91.9,81.6,86.8,,71.4,보통입니다. 조금 더 신속했으면 좋겠네요.
703,통영지사,산업용,R6239773,기타단순문의,고객센터,38.1,29.7,32.3,34.7,23.7,27.9,33.1,,31.4,처리가 너무 늦고 상담원이 업무를 전혀 모르는 것 같습니다.
704,하동지사,농사용,R5047531,명의변경,한전ON,67.9,57.1,95.8,93.3,85.7,88.8,91.9,,82.9,친절하고 빠른 처리 감사합니다.
705,김해지사,교육용,R1252020,이사정산,기타,82.2,92.6,88.6,58.9,20.7,97.2,98.5,,77.0,보통입니다. 조금 더 신속했으면 좋겠네요.
706,통영지사,산업용,R4823267,이사정산,한전ON,96.4,11.4,89.2,92.8,100.0,90.7,98.2,,82.7,친절하고 빠른 처리 감사합니다.
707,진주지사,농사용,R8294883,명의변경,직원,83.9,85.9,87.1,87.1,99.3,89.0,82.8,,87.9,친절하고 빠른 처리 감사합니다.
708,하동지사,가로등,R2935309,요금문의,고객센터,59.6,57.6,95.6,92.3,88.0,60.7,90.8,,77.8,보통입니다. 조금 더 신속했으면 좋겠네요.
709,거제지사,농사용,R1506016,요금문의,기타,96.8,88.6,34.4,86.3,89.9,82.4,94.2,,81.8,친절하고 빠른 처리 감사합니다.
710,거제지사,산업용,R2634976,신규신청,기타,56.5,91.4,93.2,93.9,39.5,88.6,82.7,,78.0,보통입니다. 조금 더 신속했으면 좋겠네요.
711,마산지사,일반용,R3851409,요금문의,직원,92.1,91.2,91.0,99.7,87.3,92.0,82.3,,90.8,친절하고 빠른 처리 감사합니다.
712,마산지사,가로등,R1695939,요금문의,기타,16.0,50.0,89.4,85.9,0.0,52.7,29.8,,46.3,처리가 너무 늦고 상담원이 업무를 전혀 모르는 것 같습니다.
713,통영지사,가로등,R1948830,기타단순문의,고객센터,90.8,88.6,52.4,99.3,97.2,94.4,37.4,,80.0,보통입니다. 조금 더 신속했으면 좋겠네요.
714,통영지사,일반용,R3153787,명의변경,고객센터,86.5,13.0,95.7,87.6,13.8,68.3,98.9,,66.3,보통입니다. 조금 더 신속했으면 좋겠네요.
715,김해지사,주택용,R7393691,전기고장,한전ON,99.6,93.7,97.0,25.0,63.9,90.1,79.7,,78.4,보통입니다. 조금 더 신속했으면 좋겠네요.
716,하동지사,농사용,R8775047,이사정산,직원,20.3,89.5,0.0,38.6,97.7,63.2,97.0,,58.0,보통입니다. 조금 더 신속했으면 좋겠네요.
717,창원지사,주택용,R2321793,계기교체,직원,81.9,94.5,51.1,95.7,82.3,93.8,94.3,,84.8,친절하고 빠른 처리 감사합니다.
718,거제지사,가로등,R6242451,요금문의,직원,95.7,90.8,89.0,94.6,96.1,99.9,92.1,,94.0,친절하고 빠른 처리 감사합니다.
719,통영지사,농사용,R6849477,기타단순문의,기타,55.9,82.8,96.2,85.4,95.9,86.9,83.6,,83.8,친절하고 빠른 처리 감사합니다.
720,마산지사,가로등,R1121549,신규신청,직원,98.7,84.4,97.3,0.0,92.7,82.5,98.8,,79.2,보통입니다. 조금 더 신속했으면 좋겠네요.
721,마산지사,주택용,R9719651,계기교체,기타,98.5,96.7,97.7,90.4,90.2,84.1,82.2,,91.4,친절하고 빠른 처리 감사합니다.
722,통영지사,일반용,R1537922,신규신청,한전ON,87.9,78.3,98.6,48.0,16.4,92.6,86.7,,72.6,보통입니다. 조금 더 신속했으면 좋겠네요.
723,고성지사,주택용,R6237596,요금문의,직원,53.4,84.2,95.3,94.8,91.0,90.0,30.0,,77.0,보통입니다. 조금 더 신속했으면 좋겠네요.
724,김해지사,농사용,R6475079,신규신청,고객센터,0.0,98.9,29.5,21.0,66.7,79.1,0.0,,42.2,처리가 너무 늦고 상담원이 업무를 전혀 모르는 것 같습니다.
725,진주지사,산업용,R9034494,명의변경,한전ON,88.2,91.0,52.6,81.1,32.0,98.2,92.0,,76.4,보통입니다. 조금 더 신속했으면 좋겠네요.
726,창원지사,교육용,R4227975,요금문의,한전ON,58.5,52.9,13.3,88.5,89.9,86.1,97.3,,69.5,보통입니다. 조금 더 신속했으면 좋겠네요.
727,진주지사,농사용,R1863581,요금문의,직원,84.3,86.9,86.8,55.0,87.8,81.4,39.4,,74.5,보통입니다. 조금 더 신속했으면 좋겠네요.
728,하동지사,농사용,R5960143,기타단순문의,한전ON,90.6,85.7,97.2,99.6,98.0,86.4,83.0,,91.5,친절하고 빠른 처리 감사합니다.
729,김해지사,가로등,R9989360,계기교체,한전ON,83.9,89.1,10.6,83.4,99.9,91.1,90.7,,78.4,보통입니다. 조금 더 신속했으면 좋겠네요.
730,김해지사,산업용,R6194388,기타단순문의,한전ON,33.5,93.6,43.0,83.4,12.6,81.1,35.3,,54.6,보통입니다. 조금 더 신속했으면 좋겠네요.
731,통영지사,가로등,R3606067,신규신청,직원,83.5,91.6,85.5,18.5,97.2,91.3,82.5,,78.6,보통입니다. 조금 더 신속했으면 좋겠네요.
732,마산지사,주택용,R8966529,신규신청,기타,61.9,88.3,89.5,92.0,19.1,94.7,70.7,,73.7,보통입니다. 조금 더 신속했으면 좋겠네요.
733,진주지사,주택용,R8104826,기타단순문의,직원,95.6,69.1,88.0,95.3,95.8,43.5,95.9,,83.3,친절하고 빠른 처리 감사합니다.
734,창원지사,일반용,R3064087,이사정산,직원,0.0,72.7,93.2,86.9,98.4,70.7,47.0,,67.0,보통입니다. 조금 더 신속했으면 좋겠네요.
735,마산지사,산업용,R2357688,계기교체,한전ON,83.2,91.9,87.9,21.7,21.1,74.7,37.7,,59.7,보통입니다. 조금 더 신속했으면 좋겠네요.
736,거제지사,가로등,R2142161,신규신청,기타,83.6,51.6,88.7,79.3,96.6,83.1,89.2,,81.7,친절하고 빠른 처리 감사합니다.
737,김해지사,주택용,R7428743,이사정산,한전ON,85.4,20.1,92.8,36.9,55.8,84.7,85.3,,65.9,보통입니다. 조금 더 신속했으면 좋겠네요.
738,고성지사,주택용,R3356725,기타단순문의,한전ON,92.0,71.4,93.8,84.7,86.6,32.2,88.9,,78.5,보통입니다. 조금 더 신속했으면 좋겠네요.
739,하동지사,교육용,R8985536,전기고장,직원,95.3,32.0,91.4,95.3,54.3,88.3,85.4,,77.4,보통입니다. 조금 더 신속했으면 좋겠네요.
740,통영지사,일반용,R2325931,기타단순문의,한전ON,81.2,95.7,86.6,72.0,96.6,97.9,81.9,,87.4,친절하고 빠른 처리 감사합니다.
741,하동지사,산업용,R9435371,요금문의,고객센터,26.2,42.8,24.9,43.7,30.5,26.0,39.0,,33.3,처리가 너무 늦고 상담원이 업무를 전혀 모르는 것 같습니다.
742,김해지사,가로등,R1289974,전기고장,고객센터,20.9,20.1,26.5,16.6,27.4,23.0,19.4,,22.0,처리가 너무 늦고 상담원이 업무를 전혀 모르는 것 같습니다.
743,하동지사,일반용,R8233205,신규신청,기타,85.8,87.9,11.3,78.5,82.2,95.2,81.6,,74.6,보통입니다. 조금 더 신속했으면 좋겠네요.
744,진주지사,일반용,R6967283,계기교체,고객센터,99.5,97.0,82.8,95.3,87.2,85.5,97.3,,92.1,친절하고 빠른 처리 감사합니다.
745,거제지사,주택용,R3697291,기타단순문의,기타,87.8,11.8,94.9,92.3,45.1,86.7,70.2,,69.8,보통입니다. 조금 더 신속했으면 좋겠네요.
746,창원지사,일반용,R9787003,이사정산,한전ON,33.6,85.7,65.4,86.2,98.5,62.6,82.3,,73.5,보통입니다. 조금 더 신속했으면 좋겠네요.
747,김해지사,가로등,R3977248,요금문의,고객센터,48.9,84.2,63.4,81.8,91.5,98.3,99.9,,81.1,친절하고 빠른 처리 감사합니다.
748,김해지사,교육용,R1041416,요금문의,기타,86.1,54.9,0.0,81.7,83.0,96.0,98.7,,71.5,보통입니다. 조금 더 신속했으면 좋겠네요.
749,거제지사,산업용,R3276133,기타단순문의,한전ON,88.4,86.5,69.2,98.0,88.1,85.0,42.5,,79.7,보통입니다. 조금 더 신속했으면 좋겠네요.
750,진주지사,일반용,R4177871,명의변경,기타,90.3,96.2,54.6,87.1,40.2,72.3,44.6,,69.3,보통입니다. 조금 더 신속했으면 좋겠네요.
751,통영지사,농사용,R4252998,이사정산,직원,88.6,95.6,83.2,69.4,79.1,99.7,85.9,,85.9,친절하고 빠른 처리 감사합니다.
752,고성지사,산업용,R9064417,기타단순문의,한전ON,18.6,69.6,86.0,69.5,89.8,37.1,84.0,,64.9,보통입니다. 조금 더 신속했으면 좋겠네요.
753,거제지사,가로등,R1481707,신규신청,직원,84.8,67.7,95.5,52.1,74.7,74.5,91.8,,77.3,보통입니다. 조금 더 신속했으면 좋겠네요.
754,고성지사,농사용,R4731562,전기고장,한전ON,100.0,84.5,88.3,96.1,88.9,94.4,85.5,,91.1,친절하고 빠른 처리 감사합니다.
755,거제지사,농사용,R8459985,기타단순문의,한전ON,40.7,43.3,62.3,91.3,88.5,98.0,56.0,,68.6,보통입니다. 조금 더 신속했으면 좋겠네요.
756,마산지사,교육용,R1160336,요금문의,고객센터,55.5,90.3,11.1,97.7,87.5,87.1,29.3,,65.5,보통입니다. 조금 더 신속했으면 좋겠네요.
757,마산지사,교육용,R8834667,명의변경,한전ON,88.1,87.2,32.3,72.8,81.3,94.2,69.2,,75.0,보통입니다. 조금 더 신속했으면 좋겠네요.
758,고성지사,산업용,R2235768,명의변경,고객센터,43.3,42.8,25.0,43.9,29.7,24.6,43.8,,36.2,처리가 너무 늦고 상담원이 업무를 전혀 모르는 것 같습니다.
759,고성지사,교육용,R7833079,기타단순문의,직원,82.0,89.4,81.9,44.1,99.2,89.8,88.0,,82.1,친절하고 빠른 처리 감사합니다.
760,통영지사,교육용,R7499078,신규신청,기타,98.7,94.8,54.6,82.2,24.1,91.7,94.3,,77.2,보통입니다. 조금 더 신속했으면 좋겠네요.
761,진주지사,일반용,R3834761,이사정산,직원,95.3,12.5,43.9,97.4,0.0,87.3,92.8,,61.3,보통입니다. 조금 더 신속했으면 좋겠네요.
762,진주지사,교육용,R3109801,기타단순문의,직원,97.9,14.0,84.0,27.0,88.2,0.0,90.9,,57.4,보통입니다. 조금 더 신속했으면 좋겠네요.
763,하동지사,가로등,R4597273,신규신청,고객센터,0.0,95.1,82.6,31.8,59.1,78.3,84.9,,61.7,보통입니다. 조금 더 신속했으면 좋겠네요.
764,거제지사,교육용,R9036794,계기교체,기타,99.0,65.0,81.4,89.0,84.9,94.3,87.1,,85.8,친절하고 빠른 처리 감사합니다.
765,진주지사,가로등,R3925197,명의변경,한전ON,89.3,91.4,78.1,35.3,76.9,99.3,90.1,,80.1,친절하고 빠른 처리 감사합니다.
766,거제지사,산업용,R1945470,이사정산,직원,43.4,57.8,92.0,100.0,87.6,88.5,91.9,,80.2,친절하고 빠른 처리 감사합니다.
767,하동지사,산업용,R3997667,요금문의,한전ON,83.3,86.3,82.5,51.8,87.5,0.0,96.2,,69.7,보통입니다. 조금 더 신속했으면 좋겠네요.
768,진주지사,가로등,R6559419,계기교체,고객센터,83.5,38.0,98.1,95.8,96.8,98.6,87.8,,85.5,친절하고 빠른 처리 감사합니다.
769,김해지사,가로등,R1523175,명의변경,고객센터,85.3,81.7,88.0,47.2,14.9,85.0,96.8,,71.3,보통입니다. 조금 더 신속했으면 좋겠네요.
770,거제지사,산업용,R8445434,신규신청,기타,53.0,89.0,96.7,72.6,82.4,81.6,98.6,,82.0,친절하고 빠른 처리 감사합니다.
771,통영지사,가로등,R2961947,명의변경,기타,88.2,79.6,93.1,54.6,60.6,86.7,10.7,,67.6,보통입니다. 조금 더 신속했으면 좋겠네요.
772,마산지사,산업용,R7067588,계기교체,고객센터,27.9,40.7,40.9,37.3,34.2,24.6,28.8,,33.5,처리가 너무 늦고 상담원이 업무를 전혀 모르는 것 같습니다.
773,통영지사,일반용,R5213167,요금문의,직원,77.1,48.4,51.3,68.3,56.1,86.4,78.2,,66.5,보통입니다. 조금 더 신속했으면 좋겠네요.
774,창원지사,교육용,R2773337,신규신청,직원,95.2,84.0,79.9,90.3,95.4,92.1,69.7,,86.7,친절하고 빠른 처리 감사합니다.
775,김해지사,주택용,R7131179,계기교체,고객센터,44.3,91.2,85.7,54.2,84.6,0.0,87.6,,63.9,보통입니다. 조금 더 신속했으면 좋겠네요.
776,하동지사,가로등,R5479767,요금문의,기타,95.9,95.0,45.7,99.9,83.0,51.9,85.3,,79.5,보통입니다. 조금 더 신속했으면 좋겠네요.
777,진주지사,산업용,R3785585,요금문의,기타,57.5,84.1,52.8,97.4,77.5,85.1,88.7,,77.6,보통입니다. 조금 더 신속했으면 좋겠네요.
778,거제지사,가로등,R4045527,계기교체,기타,92.0,99.9,40.3,89.5,58.3,81.9,83.8,,78.0,보통입니다. 조금 더 신속했으면 좋겠네요.
779,통영지사,산업용,R2886664,요금문의,직원,92.9,85.1,98.0,89.1,82.5,91.5,20.2,,79.9,보통입니다. 조금 더 신속했으면 좋겠네요.
780,진주지사,가로등,R6044695,전기고장,한전ON,97.1,53.3,86.8,76.1,74.6,11.9,85.2,,69.3,보통입니다. 조금 더 신속했으면 좋겠네요.
781,통영지사,일반용,R4404006,요금문의,기타,82.1,81.7,98.6,85.4,84.4,19.9,91.4,,77.6,보통입니다. 조금 더 신속했으면 좋겠네요.
782,창원지사,농사용,R1582518,기타단순문의,고객센터,91.4,34.6,85.5,83.8,53.4,91.5,84.4,,74.9,보통입니다. 조금 더 신속했으면 좋겠네요.
783,거제지사,농사용,R1623912,명의변경,고객센터,90.4,94.5,46.8,92.1,92.5,91.7,0.0,,72.6,보통입니다. 조금 더 신속했으면 좋겠네요.
784,고성지사,가로등,R5790114,계기교체,고객센터,84.7,51.3,98.8,12.4,59.7,0.0,91.6,,56.9,보통입니다. 조금 더 신속했으면 좋겠네요.
785,진주지사,농사용,R4641832,계기교체,한전ON,70.4,87.4,70.8,93.3,29.4,95.5,24.6,,67.3,보통입니다. 조금 더 신속했으면 좋겠네요.
786,진주지사,산업용,R6222937,명의변경,한전ON,95.7,0.0,90.3,73.5,81.8,93.8,94.1,,75.6,보통입니다. 조금 더 신속했으면 좋겠네요.
787,진주지사,농사용,R1321673,명의변경,한전ON,88.6,82.9,81.1,63.6,41.8,92.2,97.6,,78.3,보통입니다. 조금 더 신속했으면 좋겠네요.
788,창원지사,산업용,R2198274,계기교체,한전ON,69.9,95.9,53.0,90.9,57.0,81.8,81.2,,75.7,보통입니다. 조금 더 신속했으면 좋겠네요.
789,김해지사,가로등,R5751140,이사정산,한전ON,88.9,46.3,77.0,73.5,81.2,94.0,82.3,,77.6,보통입니다. 조금 더 신속했으면 좋겠네요.
790,통영지사,농사용,R5826877,명의변경,기타,89.8,30.6,85.9,85.0,42.5,91.9,44.8,,67.2,보통입니다. 조금 더 신속했으면 좋겠네요.
791,거제지사,주택용,R3763514,기타단순문의,직원,87.9,19.6,90.5,90.5,86.6,22.8,96.8,,70.7,보통입니다. 조금 더 신속했으면 좋겠네요.
792,통영지사,일반용,R1431754,요금문의,직원,87.9,83.4,97.5,81.6,92.9,94.8,82.1,,88.6,친절하고 빠른 처리 감사합니다.
793,통영지사,가로등,R9630331,신규신청,한전ON,59.1,0.0,96.8,12.6,83.1,36.6,97.4,,55.1,보통입니다. 조금 더 신속했으면 좋겠네요.
794,하동지사,산업용,R2340591,명의변경,한전ON,48.7,94.1,76.4,91.1,74.8,77.8,96.5,,79.9,보통입니다. 조금 더 신속했으면 좋겠네요.
795,김해지사,일반용,R7674993,요금문의,직원,44.7,83.6,51.1,81.9,82.3,98.7,87.4,,75.7,보통입니다. 조금 더 신속했으면 좋겠네요.
796,고성지사,농사용,R7319044,계기교체,직원,86.5,93.8,11.6,98.4,88.4,87.8,97.9,,80.6,친절하고 빠른 처리 감사합니다.
797,마산지사,농사용,R8415444,계기교체,기타,82.4,59.3,56.8,99.1,94.3,73.7,92.1,,79.7,보통입니다. 조금 더 신속했으면 좋겠네요.
798,진주지사,일반용,R4222872,신규신청,한전ON,0.0,84.5,49.3,95.8,87.3,24.5,40.3,,54.5,보통입니다. 조금 더 신속했으면 좋겠네요.
799,창원지사,가로등,R1961765,전기고장,직원,98.6,98.5,93.3,24.9,87.1,49.9,90.8,,77.6,보통입니다. 조금 더 신속했으면 좋겠네요.
800,고성지사,산업용,R7219671,이사정산,고객센터,25.5,25.6,37.1,22.1,27.3,39.4,32.5,,29.9,처리가 너무 늦고 상담원이 업무를 전혀 모르는 것 같습니다.
801,하동지사,일반용,R7730034,신규신청,고객센터,57.1,97.5,69.3,96.6,97.8,92.9,94.2,,86.5,친절하고 빠른 처리 감사합니다.
802,창원지사,농사용,R6286476,신규신청,고객센터,0.0,91.8,48.5,81.7,14.2,98.3,96.3,,61.5,보통입니다. 조금 더 신속했으면 좋겠네요.
803,거제지사,주택용,R3592481,기타단순문의,기타,89.9,95.8,54.7,93.1,81.3,96.5,95.6,,86.7,친절하고 빠른 처리 감사합니다.
804,하동지사,일반용,R7825116,신규신청,직원,83.0,78.1,10.6,93.4,87.1,81.8,96.6,,75.8,보통입니다. 조금 더 신속했으면 좋겠네요.
805,하동지사,교육용,R4585206,명의변경,직원,90.2,89.0,92.0,94.9,86.3,90.5,91.6,,90.6,친절하고 빠른 처리 감사합니다.
806,마산지사,산업용,R1583592,명의변경,기타,61.5,0.0,90.1,99.1,54.7,95.5,70.0,,67.3,보통입니다. 조금 더 신속했으면 좋겠네요.
807,거제지사,농사용,R2590051,이사정산,직원,97.5,94.1,66.7,21.8,91.2,93.7,85.2,,78.6,보통입니다. 조금 더 신속했으면 좋겠네요.
808,마산지사,주택용,R8809172,기타단순문의,기타,0.0,82.4,18.7,96.1,93.3,0.0,85.5,,53.7,보통입니다. 조금 더 신속했으면 좋겠네요.
809,하동지사,농사용,R5428845,계기교체,고객센터,98.0,52.3,94.7,0.0,95.0,99.8,92.5,,76.0,보통입니다. 조금 더 신속했으면 좋겠네요.
810,김해지사,교육용,R6401171,전기고장,기타,42.1,84.2,87.5,28.2,52.1,81.3,67.0,,63.2,보통입니다. 조금 더 신속했으면 좋겠네요.
811,김해지사,주택용,R1531725,요금문의,기타,67.0,87.7,85.9,81.9,82.6,89.8,47.9,,77.5,보통입니다. 조금 더 신속했으면 좋겠네요.
812,진주지사,일반용,R5055898,전기고장,기타,92.4,94.4,58.1,20.5,87.7,91.2,97.8,,77.4,보통입니다. 조금 더 신속했으면 좋겠네요.
813,고성지사,농사용,R9302897,전기고장,고객센터,86.7,96.0,92.4,71.7,82.4,99.1,85.6,,87.7,친절하고 빠른 처리 감사합니다.
814,하동지사,일반용,R3501941,전기고장,기타,68.1,60.0,42.6,41.5,92.6,64.8,98.0,,66.8,보통입니다. 조금 더 신속했으면 좋겠네요.
815,진주지사,주택용,R8699873,전기고장,고객센터,0.0,47.5,84.1,92.4,98.0,87.8,89.7,,71.4,보통입니다. 조금 더 신속했으면 좋겠네요.
816,김해지사,교육용,R6294048,전기고장,한전ON,83.0,94.8,68.6,85.2,81.4,88.4,95.6,,85.3,친절하고 빠른 처리 감사합니다.
817,하동지사,가로등,R4138479,전기고장,한전ON,83.4,59.4,97.3,35.2,89.0,99.6,41.4,,72.2,보통입니다. 조금 더 신속했으면 좋겠네요.
818,하동지사,주택용,R7497637,이사정산,직원,23.6,78.8,89.8,88.5,96.5,31.2,88.6,,71.0,보통입니다. 조금 더 신속했으면 좋겠네요.
819,하동지사,일반용,R2942072,기타단순문의,고객센터,14.5,28.5,0.0,88.7,76.4,91.4,30.0,,47.1,처리가 너무 늦고 상담원이 업무를 전혀 모르는 것 같습니다.
820,진주지사,일반용,R1217744,명의변경,직원,41.8,87.3,70.1,76.9,53.1,96.6,89.5,,73.6,보통입니다. 조금 더 신속했으면 좋겠네요.
821,고성지사,일반용,R4182208,전기고장,고객센터,62.5,90.8,49.6,53.6,83.0,49.5,90.8,,68.5,보통입니다. 조금 더 신속했으면 좋겠네요.
822,거제지사,교육용,R9211389,요금문의,기타,62.1,94.4,83.8,91.2,96.4,82.2,66.5,,82.4,친절하고 빠른 처리 감사합니다.
823,하동지사,주택용,R7464948,계기교체,기타,77.8,19.5,45.4,90.7,96.6,99.5,96.0,,75.1,보통입니다. 조금 더 신속했으면 좋겠네요.
824,거제지사,농사용,R8025129,기타단순문의,기타,44.3,92.3,39.6,74.2,16.1,88.2,76.0,,61.5,보통입니다. 조금 더 신속했으면 좋겠네요.
825,통영지사,일반용,R7008017,전기고장,한전ON,99.8,70.8,90.9,25.3,0.0,94.2,98.1,,68.4,보통입니다. 조금 더 신속했으면 좋겠네요.
826,거제지사,주택용,R3143833,명의변경,직원,94.5,89.2,36.4,95.3,91.0,97.1,83.1,,83.8,친절하고 빠른 처리 감사합니다.
827,하동지사,교육용,R5554864,신규신청,기타,96.8,89.3,82.8,98.1,23.5,47.2,95.6,,76.2,보통입니다. 조금 더 신속했으면 좋겠네요.
828,통영지사,가로등,R4582208,이사정산,직원,96.7,81.4,0.0,98.7,13.1,15.9,95.0,,57.3,보통입니다. 조금 더 신속했으면 좋겠네요.
829,거제지사,농사용,R2399531,이사정산,직원,87.9,78.8,85.2,97.4,81.1,84.0,92.7,,86.7,친절하고 빠른 처리 감사합니다.
830,고성지사,주택용,R2161407,전기고장,한전ON,86.1,48.8,95.1,85.7,97.7,84.9,91.0,,84.2,친절하고 빠른 처리 감사합니다.
831,거제지사,주택용,R6691984,이사정산,한전ON,52.8,74.0,86.6,94.3,93.6,57.3,94.1,,79.0,보통입니다. 조금 더 신속했으면 좋겠네요.
832,창원지사,가로등,R1757748,기타단순문의,한전ON,68.3,70.8,90.8,16.5,95.7,36.0,99.7,,68.3,보통입니다. 조금 더 신속했으면 좋겠네요.
833,거제지사,농사용,R3520402,명의변경,한전ON,64.4,87.5,84.1,98.8,82.4,88.8,100.0,,86.6,친절하고 빠른 처리 감사합니다.
834,하동지사,농사용,R2508996,이사정산,직원,91.3,85.2,94.6,96.4,96.9,60.2,0.0,,74.9,보통입니다. 조금 더 신속했으면 좋겠네요.
835,창원지사,일반용,R6295832,신규신청,직원,18.6,82.8,15.1,89.8,69.2,41.0,20.5,,48.1,처리가 너무 늦고 상담원이 업무를 전혀 모르는 것 같습니다.
836,하동지사,교육용,R7901655,계기교체,직원,56.4,98.9,0.0,96.0,87.4,16.6,0.0,,50.8,보통입니다. 조금 더 신속했으면 좋겠네요.
837,하동지사,교육용,R2130194,신규신청,기타,24.0,81.6,99.5,54.4,26.3,68.0,21.7,,53.6,보통입니다. 조금 더 신속했으면 좋겠네요.
838,고성지사,일반용,R3780415,기타단순문의,직원,93.8,16.2,70.3,86.2,26.7,0.0,88.0,,54.5,보통입니다. 조금 더 신속했으면 좋겠네요.
839,김해지사,가로등,R9310166,기타단순문의,기타,83.0,58.4,91.9,87.7,61.2,62.0,94.6,,77.0,보통입니다. 조금 더 신속했으면 좋겠네요.
840,마산지사,주택용,R3570925,명의변경,고객센터,25.1,87.6,91.1,84.6,13.3,55.6,24.8,,54.6,보통입니다. 조금 더 신속했으면 좋겠네요.
841,고성지사,교육용,R2946317,기타단순문의,한전ON,82.5,95.9,66.1,26.2,92.2,92.3,87.6,,77.5,보통입니다. 조금 더 신속했으면 좋겠네요.
842,김해지사,일반용,R6777317,신규신청,직원,85.9,96.3,95.2,15.2,25.8,87.9,84.4,,70.1,보통입니다. 조금 더 신속했으면 좋겠네요.
843,김해지사,교육용,R3969550,기타단순문의,고객센터,29.0,97.3,43.9,90.9,88.5,95.2,100.0,,77.8,보통입니다. 조금 더 신속했으면 좋겠네요.
844,거제지사,교육용,R5844356,계기교체,고객센터,89.8,60.1,79.1,97.8,55.7,19.1,64.0,,66.5,보통입니다. 조금 더 신속했으면 좋겠네요.
845,고성지사,산업용,R5523811,기타단순문의,기타,86.2,93.2,81.4,59.9,45.5,81.7,36.6,,69.2,보통입니다. 조금 더 신속했으면 좋겠네요.
846,거제지사,가로등,R6003261,신규신청,직원,90.9,97.9,85.6,91.3,65.5,40.5,84.6,,79.5,보통입니다. 조금 더 신속했으면 좋겠네요.
847,진주지사,농사용,R1293395,전기고장,기타,84.0,78.4,97.5,56.2,17.0,91.4,89.6,,73.4,보통입니다. 조금 더 신속했으면 좋겠네요.
848,거제지사,주택용,R5598765,신규신청,기타,82.7,98.9,91.0,86.4,86.4,91.1,88.6,,89.3,친절하고 빠른 처리 감사합니다.
849,창원지사,교육용,R1241842,명의변경,기타,94.7,89.7,94.1,25.2,82.4,97.7,93.8,,82.5,친절하고 빠른 처리 감사합니다.
850,마산지사,농사용,R9149818,전기고장,한전ON,94.7,52.8,97.2,98.9,99.1,82.7,96.5,,88.8,친절하고 빠른 처리 감사합니다.
851,통영지사,가로등,R8191774,계기교체,한전ON,88.8,21.1,34.4,87.8,82.1,92.2,85.2,,70.2,보통입니다. 조금 더 신속했으면 좋겠네요.
852,창원지사,농사용,R1457757,전기고장,한전ON,88.4,91.8,85.7,52.6,83.5,91.3,91.0,,83.5,친절하고 빠른 처리 감사합니다.
853,진주지사,교육용,R8462541,전기고장,한전ON,94.1,95.2,0.0,0.0,69.8,99.8,34.1,,56.1,보통입니다. 조금 더 신속했으면 좋겠네요.
854,마산지사,일반용,R6030725,기타단순문의,기타,87.4,81.8,11.0,29.0,87.0,97.8,24.3,,59.8,보통입니다. 조금 더 신속했으면 좋겠네요.
855,거제지사,농사용,R5251831,명의변경,기타,49.4,99.0,57.9,98.7,96.3,87.3,26.1,,73.5,보통입니다. 조금 더 신속했으면 좋겠네요.
856,고성지사,주택용,R1119245,이사정산,직원,83.7,99.7,60.4,86.4,0.0,81.4,59.1,,67.2,보통입니다. 조금 더 신속했으면 좋겠네요.
857,창원지사,산업용,R9636181,신규신청,한전ON,95.2,99.8,93.2,75.5,96.2,97.9,26.8,,83.5,친절하고 빠른 처리 감사합니다.
858,진주지사,일반용,R1417382,전기고장,직원,0.0,32.6,81.1,0.0,65.3,35.9,84.0,,42.7,처리가 너무 늦고 상담원이 업무를 전혀 모르는 것 같습니다.
859,진주지사,가로등,R8512727,신규신청,직원,93.1,81.6,81.4,24.2,88.1,42.7,0.0,,58.7,보통입니다. 조금 더 신속했으면 좋겠네요.
860,하동지사,농사용,R5023257,신규신청,한전ON,69.2,48.3,81.9,96.7,96.6,62.8,84.2,,77.1,보통입니다. 조금 더 신속했으면 좋겠네요.
861,고성지사,가로등,R9203539,전기고장,직원,88.8,49.0,67.2,46.1,96.8,0.0,78.1,,60.9,보통입니다. 조금 더 신속했으면 좋겠네요.
862,마산지사,일반용,R9764702,요금문의,직원,92.5,61.5,91.3,90.0,21.7,57.4,72.3,,69.5,보통입니다. 조금 더 신속했으면 좋겠네요.
863,거제지사,일반용,R6153965,이사정산,직원,87.7,94.9,21.4,77.8,52.5,61.0,66.9,,66.0,보통입니다. 조금 더 신속했으면 좋겠네요.
864,마산지사,산업용,R6621892,기타단순문의,직원,89.2,89.2,86.0,92.6,99.1,74.4,87.9,,88.3,친절하고 빠른 처리 감사합니다.
865,마산지사,가로등,R5417457,계기교체,직원,0.0,64.2,82.4,88.5,28.5,98.1,57.2,,59.8,보통입니다. 조금 더 신속했으면 좋겠네요.
866,진주지사,가로등,R9308498,신규신청,한전ON,10.7,87.4,25.2,87.3,93.5,53.5,90.9,,64.1,보통입니다. 조금 더 신속했으면 좋겠네요.
867,거제지사,주택용,R1339111,기타단순문의,직원,88.0,0.0,89.9,62.0,83.0,94.6,95.8,,73.3,보통입니다. 조금 더 신속했으면 좋겠네요.
868,고성지사,산업용,R6955830,요금문의,고객센터,22.8,43.3,29.4,34.0,43.7,38.3,29.9,,34.5,처리가 너무 늦고 상담원이 업무를 전혀 모르는 것 같습니다.
869,거제지사,농사용,R7766773,계기교체,기타,87.4,35.9,25.4,92.9,83.1,98.9,85.1,,72.7,보통입니다. 조금 더 신속했으면 좋겠네요.
870,거제지사,일반용,R7623292,명의변경,한전ON,97.5,58.6,98.4,95.8,0.0,65.8,96.9,,73.3,보통입니다. 조금 더 신속했으면 좋겠네요.
871,거제지사,산업용,R5355118,기타단순문의,기타,92.6,87.0,97.6,83.4,98.3,85.6,89.6,,90.6,친절하고 빠른 처리 감사합니다.
872,하동지사,가로등,R5225693,명의변경,기타,97.9,51.2,60.5,99.0,83.3,57.5,81.5,,75.8,보통입니다. 조금 더 신속했으면 좋겠네요.
873,고성지사,일반용,R3697145,기타단순문의,기타,0.0,48.2,16.4,20.2,81.9,83.3,71.9,,46.0,처리가 너무 늦고 상담원이 업무를 전혀 모르는 것 같습니다.
874,통영지사,농사용,R8386373,계기교체,직원,97.8,69.9,76.4,81.5,84.3,90.7,0.0,,71.5,보통입니다. 조금 더 신속했으면 좋겠네요.
875,통영지사,가로등,R3962288,신규신청,직원,91.5,97.1,86.7,63.0,90.7,61.4,93.7,,83.4,친절하고 빠른 처리 감사합니다.
876,하동지사,일반용,R5801967,기타단순문의,고객센터,98.6,86.1,81.7,50.0,65.5,84.0,91.4,,79.6,보통입니다. 조금 더 신속했으면 좋겠네요.
877,통영지사,교육용,R4877689,명의변경,기타,0.0,94.5,95.5,51.5,39.5,81.6,96.2,,65.5,보통입니다. 조금 더 신속했으면 좋겠네요.
878,고성지사,일반용,R3618696,전기고장,고객센터,52.2,23.0,81.6,89.2,95.1,93.6,83.7,,74.1,보통입니다. 조금 더 신속했으면 좋겠네요.
879,마산지사,교육용,R2754592,전기고장,고객센터,63.0,96.3,19.0,19.4,39.0,27.2,85.7,,49.9,처리가 너무 늦고 상담원이 업무를 전혀 모르는 것 같습니다.
880,통영지사,가로등,R3388797,계기교체,고객센터,0.0,97.2,87.8,99.7,89.9,89.9,21.3,,69.4,보통입니다. 조금 더 신속했으면 좋겠네요.
881,마산지사,가로등,R2225617,이사정산,직원,81.1,87.5,96.1,83.7,98.0,19.6,68.9,,76.4,보통입니다. 조금 더 신속했으면 좋겠네요.
882,고성지사,농사용,R3078976,요금문의,직원,87.9,81.2,0.0,83.8,0.0,82.5,99.4,,62.1,보통입니다. 조금 더 신속했으면 좋겠네요.
883,김해지사,농사용,R7083940,신규신청,기타,89.5,70.4,45.6,54.2,71.9,87.2,13.6,,61.8,보통입니다. 조금 더 신속했으면 좋겠네요.
884,창원지사,산업용,R4226997,요금문의,고객센터,32.1,30.3,36.7,24.5,20.3,23.4,32.2,,28.5,처리가 너무 늦고 상담원이 업무를 전혀 모르는 것 같습니다.
885,김해지사,일반용,R3966667,계기교체,한전ON,0.0,99.7,57.1,95.8,86.5,93.1,99.5,,76.0,보통입니다. 조금 더 신속했으면 좋겠네요.
886,고성지사,산업용,R6601658,요금문의,기타,19.5,98.2,38.6,99.9,56.0,31.4,66.3,,58.6,보통입니다. 조금 더 신속했으면 좋겠네요.
887,고성지사,가로등,R7190119,이사정산,고객센터,93.9,71.1,48.6,12.5,94.6,88.6,89.6,,71.3,보통입니다. 조금 더 신속했으면 좋겠네요.
888,마산지사,산업용,R1627595,요금문의,고객센터,35.6,31.0,27.7,33.1,25.8,21.0,33.3,,29.6,처리가 너무 늦고 상담원이 업무를 전혀 모르는 것 같습니다.
889,진주지사,산업용,R4997726,이사정산,직원,81.0,28.2,92.5,97.4,95.0,94.7,64.8,,79.1,보통입니다. 조금 더 신속했으면 좋겠네요.
890,통영지사,교육용,R9080035,명의변경,직원,88.8,96.8,91.4,82.0,88.7,83.8,73.7,,86.5,친절하고 빠른 처리 감사합니다.
891,진주지사,가로등,R3888303,기타단순문의,고객센터,36.7,81.3,18.0,89.9,59.3,93.6,57.3,,62.3,보통입니다. 조금 더 신속했으면 좋겠네요.
892,창원지사,주택용,R4059925,기타단순문의,한전ON,10.9,85.8,74.5,87.7,44.6,0.0,0.0,,43.4,처리가 너무 늦고 상담원이 업무를 전혀 모르는 것 같습니다.
893,통영지사,일반용,R8753933,전기고장,고객센터,83.8,88.5,96.3,93.0,87.6,98.8,99.3,,92.5,친절하고 빠른 처리 감사합니다.
894,김해지사,주택용,R6992089,전기고장,한전ON,97.3,22.1,53.5,46.7,97.3,66.1,26.4,,58.5,보통입니다. 조금 더 신속했으면 좋겠네요.
895,고성지사,산업용,R4494998,요금문의,고객센터,39.8,25.1,20.6,31.6,22.1,42.6,37.3,,31.3,처리가 너무 늦고 상담원이 업무를 전혀 모르는 것 같습니다.
896,창원지사,일반용,R2404885,신규신청,직원,0.0,10.0,96.9,93.6,55.5,90.8,89.7,,62.4,보통입니다. 조금 더 신속했으면 좋겠네요.
897,고성지사,산업용,R3493288,요금문의,한전ON,92.6,82.6,20.8,68.3,0.0,96.3,93.4,,64.9,보통입니다. 조금 더 신속했으면 좋겠네요.
898,거제지사,일반용,R4830966,계기교체,고객센터,30.7,88.7,33.7,94.8,63.2,68.8,84.0,,66.3,보통입니다. 조금 더 신속했으면 좋겠네요.
899,마산지사,일반용,R7239330,기타단순문의,직원,86.2,93.1,90.1,84.3,97.3,92.1,61.1,,86.3,친절하고 빠른 처리 감사합니다.
900,거제지사,농사용,R6373216,기타단순문의,직원,97.2,92.5,99.5,87.0,98.6,96.1,90.5,,94.5,친절하고 빠른 처리 감사합니다.
901,통영지사,일반용,R7069959,명의변경,고객센터,79.7,43.5,89.3,47.8,99.2,85.1,94.0,,76.9,보통입니다. 조금 더 신속했으면 좋겠네요.
902,마산지사,가로등,R6075366,이사정산,한전ON,75.1,94.1,74.4,85.0,69.1,99.1,46.8,,77.7,보통입니다. 조금 더 신속했으면 좋겠네요.
903,하동지사,산업용,R1713399,요금문의,기타,84.5,97.9,86.7,86.3,92.5,96.5,87.8,,90.3,친절하고 빠른 처리 감사합니다.
904,김해지사,주택용,R6051266,이사정산,한전ON,67.2,86.2,97.7,85.3,55.7,56.4,71.0,,74.2,보통입니다. 조금 더 신속했으면 좋겠네요.
905,마산지사,가로등,R8536873,계기교체,고객센터,94.3,60.6,85.7,66.6,84.6,86.6,59.1,,76.8,보통입니다. 조금 더 신속했으면 좋겠네요.
906,마산지사,농사용,R8020183,이사정산,한전ON,98.8,91.2,25.0,93.9,97.3,76.1,0.0,,68.9,보통입니다. 조금 더 신속했으면 좋겠네요.
907,거제지사,교육용,R8112037,전기고장,직원,78.3,55.1,23.9,90.7,65.4,51.5,69.2,,62.0,보통입니다. 조금 더 신속했으면 좋겠네요.
908,진주지사,산업용,R8791622,이사정산,기타,93.3,94.1,84.3,93.8,96.6,13.5,97.0,,81.8,친절하고 빠른 처리 감사합니다.
909,하동지사,산업용,R4720994,신규신청,기타,83.3,90.6,81.4,99.7,94.1,42.0,90.1,,83.0,친절하고 빠른 처리 감사합니다.
910,진주지사,주택용,R1961382,계기교체,직원,57.5,91.5,93.9,94.1,86.3,32.0,82.2,,76.8,보통입니다. 조금 더 신속했으면 좋겠네요.
911,통영지사,일반용,R3199184,신규신청,직원,35.1,12.5,93.9,13.0,53.2,84.9,18.7,,44.5,처리가 너무 늦고 상담원이 업무를 전혀 모르는 것 같습니다.
912,진주지사,농사용,R3656862,계기교체,기타,84.0,47.9,98.5,20.6,62.3,99.3,68.3,,68.7,보통입니다. 조금 더 신속했으면 좋겠네요.
913,진주지사,일반용,R2023923,요금문의,한전ON,98.0,85.4,97.5,95.0,96.7,90.9,47.8,,87.3,친절하고 빠른 처리 감사합니다.
914,거제지사,주택용,R7302631,기타단순문의,고객센터,76.2,83.5,70.7,88.6,92.5,0.0,68.5,,68.6,보통입니다. 조금 더 신속했으면 좋겠네요.
915,진주지사,일반용,R7429436,요금문의,직원,91.1,98.8,64.1,93.0,84.1,98.6,96.1,,89.4,친절하고 빠른 처리 감사합니다.
916,김해지사,산업용,R8826952,기타단순문의,직원,96.3,58.5,85.3,99.7,94.0,94.3,93.6,,88.8,친절하고 빠른 처리 감사합니다.
917,하동지사,산업용,R7421714,요금문의,한전ON,35.8,99.4,94.3,90.8,98.4,98.9,84.1,,86.0,친절하고 빠른 처리 감사합니다.
918,통영지사,일반용,R5346329,신규신청,기타,59.5,87.6,95.7,95.3,98.4,87.3,93.7,,88.2,친절하고 빠른 처리 감사합니다.
919,거제지사,교육용,R8856785,계기교체,한전ON,20.9,90.7,70.9,90.1,26.6,51.7,0.0,,50.1,보통입니다. 조금 더 신속했으면 좋겠네요.
920,거제지사,주택용,R3693797,요금문의,고객센터,88.7,88.0,88.2,47.9,88.4,37.5,82.3,,74.4,보통입니다. 조금 더 신속했으면 좋겠네요.
921,하동지사,산업용,R1382826,이사정산,고객센터,25.5,32.3,25.6,44.1,28.6,42.8,20.8,,31.4,처리가 너무 늦고 상담원이 업무를 전혀 모르는 것 같습니다.
922,김해지사,농사용,R8655397,명의변경,기타,92.9,0.0,98.0,95.8,73.7,87.9,86.8,,76.4,보통입니다. 조금 더 신속했으면 좋겠네요.
923,고성지사,가로등,R2908467,요금문의,직원,30.7,11.7,85.0,87.7,91.0,84.2,38.6,,61.3,보통입니다. 조금 더 신속했으면 좋겠네요.
924,거제지사,일반용,R2021729,전기고장,고객센터,90.7,84.5,51.5,84.0,99.8,37.3,90.8,,76.9,보통입니다. 조금 더 신속했으면 좋겠네요.
925,거제지사,가로등,R1389730,요금문의,한전ON,0.0,92.1,90.2,88.6,81.3,88.7,73.5,,73.5,보통입니다. 조금 더 신속했으면 좋겠네요.
926,거제지사,농사용,R4492598,명의변경,한전ON,82.3,84.7,85.8,90.4,82.1,88.3,88.3,,86.0,친절하고 빠른 처리 감사합니다.
927,거제지사,일반용,R7785830,기타단순문의,고객센터,86.6,79.4,56.2,93.7,85.5,0.0,0.0,,57.3,보통입니다. 조금 더 신속했으면 좋겠네요.
928,마산지사,주택용,R2621200,신규신청,한전ON,82.7,99.8,98.5,73.6,89.4,91.5,94.7,,90.0,친절하고 빠른 처리 감사합니다.
929,김해지사,산업용,R8745251,신규신청,한전ON,99.6,88.7,74.6,85.2,0.0,88.9,40.8,,68.3,보통입니다. 조금 더 신속했으면 좋겠네요.
930,거제지사,가로등,R5983160,요금문의,직원,99.2,87.2,87.1,91.5,53.9,12.8,34.2,,66.6,보통입니다. 조금 더 신속했으면 좋겠네요.
931,진주지사,가로등,R4786918,요금문의,직원,90.9,86.9,0.0,93.7,89.3,20.0,0.0,,54.4,보통입니다. 조금 더 신속했으면 좋겠네요.
932,고성지사,가로등,R5837745,기타단순문의,직원,95.3,15.2,84.6,93.8,93.8,31.1,95.8,,72.8,보통입니다. 조금 더 신속했으면 좋겠네요.
933,진주지사,가로등,R6388271,명의변경,기타,85.5,17.1,59.2,19.0,92.3,89.2,86.1,,64.1,보통입니다. 조금 더 신속했으면 좋겠네요.
934,하동지사,주택용,R4474378,이사정산,고객센터,82.5,53.0,0.0,87.5,83.9,90.9,86.6,,69.2,보통입니다. 조금 더 신속했으면 좋겠네요.
935,통영지사,가로등,R6254691,전기고장,한전ON,48.6,20.5,97.8,21.0,82.8,70.3,83.5,,60.6,보통입니다. 조금 더 신속했으면 좋겠네요.
936,통영지사,농사용,R3749645,요금문의,고객센터,94.1,44.7,27.7,90.6,81.6,69.8,86.9,,70.8,보통입니다. 조금 더 신속했으면 좋겠네요.
937,창원지사,농사용,R8050761,요금문의,한전ON,96.0,85.9,97.2,94.0,26.0,17.5,53.0,,67.1,보통입니다. 조금 더 신속했으면 좋겠네요.
938,마산지사,농사용,R1031181,기타단순문의,직원,99.8,93.7,98.6,12.6,82.8,53.1,85.3,,75.1,보통입니다. 조금 더 신속했으면 좋겠네요.
939,마산지사,농사용,R8998472,기타단순문의,한전ON,94.6,98.3,97.0,97.1,23.1,11.7,77.4,,71.3,보통입니다. 조금 더 신속했으면 좋겠네요.
940,거제지사,일반용,R3362926,전기고장,한전ON,98.9,89.3,83.7,41.1,92.1,94.4,0.0,,71.4,보통입니다. 조금 더 신속했으면 좋겠네요.
941,거제지사,농사용,R6934583,명의변경,기타,81.3,84.8,85.3,54.8,85.2,33.1,88.4,,73.3,보통입니다. 조금 더 신속했으면 좋겠네요.
942,통영지사,일반용,R8535137,이사정산,기타,73.4,90.3,40.0,81.9,97.2,95.1,87.3,,80.7,친절하고 빠른 처리 감사합니다.
943,진주지사,농사용,R1715508,계기교체,고객센터,0.0,22.4,82.1,95.3,92.1,94.5,82.1,,66.9,보통입니다. 조금 더 신속했으면 좋겠네요.
944,고성지사,교육용,R7966345,신규신청,고객센터,43.0,96.2,75.8,26.1,16.6,97.2,81.9,,62.4,보통입니다. 조금 더 신속했으면 좋겠네요.
945,고성지사,산업용,R4114781,명의변경,고객센터,26.8,40.5,37.0,34.6,22.3,27.1,38.8,,32.4,처리가 너무 늦고 상담원이 업무를 전혀 모르는 것 같습니다.
946,창원지사,산업용,R5323865,기타단순문의,고객센터,41.6,31.4,24.7,22.2,32.1,34.8,32.0,,31.3,처리가 너무 늦고 상담원이 업무를 전혀 모르는 것 같습니다.
947,거제지사,농사용,R2084409,요금문의,직원,91.2,0.0,99.3,93.4,0.0,24.6,82.1,,55.8,보통입니다. 조금 더 신속했으면 좋겠네요.
948,통영지사,산업용,R2561911,기타단순문의,고객센터,37.2,33.4,32.1,25.3,23.6,21.7,34.1,,29.6,처리가 너무 늦고 상담원이 업무를 전혀 모르는 것 같습니다.
949,마산지사,교육용,R3380205,전기고장,직원,92.3,85.1,97.2,59.2,90.0,0.0,93.0,,73.8,보통입니다. 조금 더 신속했으면 좋겠네요.
950,마산지사,산업용,R2865355,계기교체,기타,81.3,65.3,95.9,86.1,85.0,16.9,97.2,,75.4,보통입니다. 조금 더 신속했으면 좋겠네요.
951,거제지사,주택용,R3178709,신규신청,한전ON,59.7,93.3,96.4,22.7,13.7,84.4,97.5,,66.8,보통입니다. 조금 더 신속했으면 좋겠네요.
952,거제지사,일반용,R2914007,신규신청,한전ON,99.8,77.2,98.1,74.5,86.3,89.6,0.0,,75.1,보통입니다. 조금 더 신속했으면 좋겠네요.
953,마산지사,일반용,R8667521,전기고장,고객센터,92.2,18.0,39.4,54.3,99.1,13.4,90.9,,58.2,보통입니다. 조금 더 신속했으면 좋겠네요.
954,진주지사,교육용,R6217896,전기고장,직원,89.7,92.5,95.2,87.4,14.6,0.0,83.5,,66.1,보통입니다. 조금 더 신속했으면 좋겠네요.
955,하동지사,일반용,R2401337,전기고장,기타,95.0,92.3,94.1,97.3,51.4,85.6,83.7,,85.6,친절하고 빠른 처리 감사합니다.
956,고성지사,산업용,R7281459,명의변경,직원,87.8,92.0,87.2,67.6,92.4,88.3,79.5,,85.0,친절하고 빠른 처리 감사합니다.
957,마산지사,교육용,R9939882,기타단순문의,한전ON,31.1,38.2,94.7,75.2,99.5,48.9,54.1,,63.1,보통입니다. 조금 더 신속했으면 좋겠네요.
958,마산지사,주택용,R9016449,명의변경,한전ON,81.2,23.8,98.4,98.6,95.5,95.9,99.9,,84.8,친절하고 빠른 처리 감사합니다.
959,김해지사,가로등,R9208298,계기교체,기타,28.5,63.5,83.9,87.4,97.8,81.9,98.0,,77.3,보통입니다. 조금 더 신속했으면 좋겠네요.
960,창원지사,교육용,R4709577,계기교체,고객센터,82.2,90.5,97.4,97.3,95.2,14.2,87.2,,80.6,친절하고 빠른 처리 감사합니다.
961,마산지사,교육용,R1747255,이사정산,기타,90.9,35.8,89.4,54.6,82.1,96.5,87.8,,76.7,보통입니다. 조금 더 신속했으면 좋겠네요.
962,김해지사,산업용,R3410953,신규신청,직원,25.2,48.1,94.6,66.2,82.6,81.4,49.4,,63.9,보통입니다. 조금 더 신속했으면 좋겠네요.
963,하동지사,가로등,R3262284,명의변경,한전ON,33.6,97.1,36.6,92.2,85.1,96.6,40.3,,68.8,보통입니다. 조금 더 신속했으면 좋겠네요.
964,하동지사,농사용,R7438653,요금문의,기타,96.9,17.1,23.9,87.6,0.0,54.5,94.6,,53.5,보통입니다. 조금 더 신속했으면 좋겠네요.
965,통영지사,가로등,R1884300,신규신청,한전ON,91.7,89.8,87.9,97.0,84.7,0.0,92.8,,77.7,보통입니다. 조금 더 신속했으면 좋겠네요.
966,하동지사,농사용,R8230905,명의변경,고객센터,98.4,90.1,88.9,93.2,97.6,97.1,93.2,,94.1,친절하고 빠른 처리 감사합니다.
967,창원지사,농사용,R6534768,기타단순문의,직원,83.5,10.2,22.8,91.3,13.0,89.9,72.7,,54.8,보통입니다. 조금 더 신속했으면 좋겠네요.
968,마산지사,산업용,R1457626,요금문의,기타,69.0,94.8,84.0,81.0,89.4,98.8,91.1,,86.9,친절하고 빠른 처리 감사합니다.
969,마산지사,일반용,R7448570,요금문의,고객센터,33.4,62.8,93.9,83.3,81.3,55.1,29.3,,62.7,보통입니다. 조금 더 신속했으면 좋겠네요.
970,김해지사,주택용,R2653914,요금문의,한전ON,90.0,81.2,0.0,97.8,98.4,94.3,83.2,,77.8,보통입니다. 조금 더 신속했으면 좋겠네요.
971,통영지사,가로등,R2828883,신규신청,직원,88.9,89.8,98.1,87.9,66.4,98.0,72.2,,85.9,친절하고 빠른 처리 감사합니다.
972,하동지사,주택용,R7878571,계기교체,기타,82.8,89.5,74.6,88.3,71.0,87.5,81.0,,82.1,친절하고 빠른 처리 감사합니다.
973,통영지사,농사용,R8631609,신규신청,기타,62.1,0.0,92.4,52.1,85.9,90.6,89.5,,67.5,보통입니다. 조금 더 신속했으면 좋겠네요.
974,마산지사,농사용,R5129668,명의변경,직원,83.4,84.4,86.9,30.2,99.2,98.9,85.0,,81.1,친절하고 빠른 처리 감사합니다.
975,하동지사,농사용,R7437473,기타단순문의,직원,94.6,53.8,96.5,89.2,60.3,26.3,44.8,,66.5,보통입니다. 조금 더 신속했으면 좋겠네요.
976,통영지사,주택용,R1659397,기타단순문의,기타,88.1,97.3,86.1,19.2,95.8,91.3,81.2,,79.9,보통입니다. 조금 더 신속했으면 좋겠네요.
977,진주지사,농사용,R7040192,이사정산,한전ON,91.0,94.6,96.3,0.0,72.6,82.0,93.8,,75.8,보통입니다. 조금 더 신속했으면 좋겠네요.
978,통영지사,일반용,R2877256,요금문의,고객센터,93.2,88.6,0.0,97.2,86.4,92.5,85.9,,77.7,보통입니다. 조금 더 신속했으면 좋겠네요.
979,통영지사,일반용,R2709945,명의변경,직원,89.8,94.3,97.3,52.6,85.4,38.2,47.4,,72.1,보통입니다. 조금 더 신속했으면 좋겠네요.
980,거제지사,산업용,R4605376,계기교체,고객센터,24.8,42.3,35.9,42.3,30.8,24.5,36.5,,33.9,처리가 너무 늦고 상담원이 업무를 전혀 모르는 것 같습니다.
981,마산지사,주택용,R4066420,계기교체,직원,85.2,86.3,46.0,10.8,99.7,97.0,93.2,,74.0,보통입니다. 조금 더 신속했으면 좋겠네요.
982,김해지사,교육용,R4785732,요금문의,한전ON,15.0,85.2,0.0,32.3,64.4,85.2,99.2,,54.5,보통입니다. 조금 더 신속했으면 좋겠네요.
983,하동지사,일반용,R6900733,이사정산,한전ON,93.0,93.2,84.9,91.3,98.1,95.0,44.7,,85.7,친절하고 빠른 처리 감사합니다.
984,거제지사,주택용,R6226383,신규신청,한전ON,47.7,82.5,56.0,62.2,69.8,96.3,66.7,,68.7,보통입니다. 조금 더 신속했으면 좋겠네요.
985,마산지사,교육용,R6092967,기타단순문의,직원,85.1,84.8,83.5,0.0,93.8,30.1,94.2,,67.4,보통입니다. 조금 더 신속했으면 좋겠네요.
986,김해지사,농사용,R7140841,신규신청,직원,81.3,98.3,91.6,12.6,95.5,81.8,66.3,,75.3,보통입니다. 조금 더 신속했으면 좋겠네요.
987,김해지사,가로등,R4055564,신규신청,직원,94.8,0.0,87.2,23.7,95.6,81.4,84.3,,66.7,보통입니다. 조금 더 신속했으면 좋겠네요.
988,통영지사,농사용,R9314071,전기고장,기타,90.1,85.6,96.5,94.1,63.9,81.7,84.1,,85.1,친절하고 빠른 처리 감사합니다.
989,하동지사,가로등,R6207544,신규신청,기타,28.4,44.6,84.0,96.6,99.1,87.2,83.6,,74.8,보통입니다. 조금 더 신속했으면 좋겠네요.
990,마산지사,교육용,R4715578,명의변경,한전ON,82.8,97.6,33.1,0.0,12.9,89.4,82.3,,56.9,보통입니다. 조금 더 신속했으면 좋겠네요.
991,고성지사,교육용,R9091518,전기고장,기타,63.6,14.0,0.0,0.0,94.7,81.9,100.0,,50.6,보통입니다. 조금 더 신속했으면 좋겠네요.
992,거제지사,주택용,R2226372,명의변경,기타,67.8,88.1,96.2,66.1,96.9,90.8,96.0,,86.0,친절하고 빠른 처리 감사합니다.
993,김해지사,산업용,R6017518,계기교체,한전ON,56.2,33.6,79.3,60.9,84.4,77.6,60.9,,64.7,보통입니다. 조금 더 신속했으면 좋겠네요.
994,진주지사,산업용,R7001883,계기교체,기타,85.0,90.1,93.7,0.0,95.0,84.5,79.0,,75.3,보통입니다. 조금 더 신속했으면 좋겠네요.
995,하동지사,산업용,R1509153,요금문의,기타,98.6,71.3,81.5,58.6,98.0,88.7,54.0,,78.7,보통입니다. 조금 더 신속했으면 좋겠네요.
996,하동지사,주택용,R3023091,전기고장,직원,25.6,94.8,82.0,47.8,94.6,90.7,82.7,,74.0,보통입니다. 조금 더 신속했으면 좋겠네요.
997,하동지사,교육용,R1017204,신규신청,기타,85.8,22.7,72.5,11.0,83.8,83.7,63.6,,60.4,보통입니다. 조금 더 신속했으면 좋겠네요.
998,하동지사,농사용,R1236042,전기고장,고객센터,98.0,84.2,85.2,86.3,84.2,87.1,52.1,,82.4,친절하고 빠른 처리 감사합니다.
999,하동지사,일반용,R2544199,계기교체,직원,84.0,91.7,96.3,95.8,90.9,90.6,74.3,,89.1,친절하고 빠른 처리 감사합니다.
1000,창원지사,농사용,R8262079,전기고장,직원,66.8,0.0,97.1,98.1,15.1,53.0,40.5,,52.9,보통입니다. 조금 더 신속했으면 좋겠네요.
